duration_days,weighted_velocity,velocity_change_pct,issue_count,bugs,improvements,new_features,tasks,velocity_per_day,total_commits,total_churn,churn_concentration,developer_churn_inequality,refactoring_ratio,file_hotspots,avg_commit_size,churn_volatility,unique_developers,avg_files_per_commit,num_nodes,num_edges,density,avg_clustering,diameter,num_components,giant_component_size,avg_degree,max_betweenness,degree_centralization,avg_closeness,network_jaccard,nodes_added,nodes_removed,density_change,centralization_change,turnover_rate,commits_per_day,churn_per_developer,edges_per_node,num_issues
-1.2109587537913282,-0.3956807306087799,-0.2777625605065915,-0.4147804742762093,-0.5533256982403492,0.019753488370971763,-0.14204774743178405,-0.6282984077570584,8.8317608638848,-1.1281001586799497,-1.145830138193072,-7.8016081430327855,-5.537598398360269,-7.387775313372739,-1.1293710653657703,-3.2924999609487826,-1.8168413903573977,-1.3242326259316675,-5.400167744827652,-1.332811591873598,-1.1932636652789612,-0.44293400411643197,-3.0562514353649886,-4.38514105034974,-1.2439767308618745,-5.252884244762047,-3.702846946485439,-1.4105908610616915,-5.020309545091829,-0.11322770341445965,-1.383898522719098,-0.5405033491529684,-0.623818340482199,0.1617665315515941,-0.05334495122503003,-0.9243016429137451,-3.2810622110532273,-1.172546564986268,-3.702846946485439,-0.4147804742762093
-0.8363463213405303,-0.3257496251786388,-0.2542117339213369,-0.34097944394328017,-0.570501623647417,0.219820870589788,-0.5161068156688153,0.20358272430116972,-0.11322707165637438,-1.0790450762728117,-1.083191379980909,0.11202142435731884,-0.5005758798875679,-0.8385421016044705,-1.079380058040849,0.7917528429017787,-0.9631075184778859,-1.2954325062895464,2.5620970198524833,-1.3043234653156937,-1.175534150598307,8.048722591957956,4.90165306217496,-2.828169621236799,-1.2332877857087217,3.5857718627064425,-0.8001714945834132,5.8009284928372935,-3.3170236633054526,8.831760866327851,-1.383898522719098,-0.4980723144562962,-0.623818340482199,0.1617665315515941,-0.05334495122503003,-0.9243016429137451,-2.821613189440377,1.7419125986518105,-0.8001714945834132,-0.34097944394328017
-0.9342532165584396,-0.6493941923827673,-0.3703427222954479,-0.6454086940666128,-0.8281405047534343,-0.580448658285477,0.6060703890422786,0.20358272430116972,-0.11323225478628851,-1.0199972918938494,-0.8384876609494977,1.3584679233886703,0.054978074355742604,1.7981621784580768,-1.0202997766568511,5.801163176755948,5.955991422644078,-1.2584037810353907,3.2330604137709695,-1.2615912754788374,-1.1440150133882552,2.9267709943257847,3.123083149883246,-2.049683906680328,-1.2012209502492628,1.818040641212745,-0.47765199992763285,2.314040014028993,-1.6053523741010514,-0.11322770341445965,-0.321776544884434,-0.47685679710796003,-0.623818340482199,-7.672577393999357,1.7363042069157053,1.1923156481321215,-1.9103233014376482,5.083723387922468,-0.4776519999276324,-0.6454086940666128
0.1559480202567681,-0.04901006771423908,0.2889890386182337,-0.07345070898641205,-0.3300386679484676,0.41988825280860426,1.7282475937533726,1.59005127773155,-0.113232016304662,-0.795615711253792,-0.42330383141319505,1.4299597417118468,0.8223943636558336,1.1037789254326147,-0.7930679251799362,3.658316404932219,4.4206726989805265,-1.1761177249150447,2.1473401298768398,-1.1761268958051245,-1.0967363075731775,0.8704851032309325,1.37591338591764,-2.049683906680328,-1.1157093890240395,0.3717150963542645,-0.8294914486430296,0.8628793868643915,-0.6098030460006324,-0.11322770341445965,-0.10541836421441023,-0.4132102450629517,-0.623818340482199,-2.9834507890381627,0.9875581872219729,0.999895894400679,-2.4276316113878402,5.364235990109797,-0.8294914486430296,-0.07345070898641205
0.449601433605517,3.04885262100512,0.2774891252909112,2.3712084207918656,3.122322338872163,1.340198211015159,2.8504247984644664,4.085694673906234,-0.11321946910282593,-0.7061356072333643,-0.4169506837971591,1.18881750144165,0.975510774065863,1.1027072768519415,-0.7067198216187086,2.2325120498679487,2.5467418001096496,-1.106174577212751,1.3047396887150637,-1.1238986637822999,-1.065217170363126,0.5295072903600216,0.8568712416437543,-2.049683906680328,-1.0515757181051217,-0.030041999439757463,-0.8441514256728379,0.15842704487705314,-0.2334256885060703,-0.11322770341445965,0.9512078844321118,-0.45564127975962393,-0.614853150578962,-0.359780266791403,0.340178866830284,0.037797125743467,-2.3894887444152073,3.3065736028370223,-0.8441514256728379,2.3712084207918656
-0.7014918505114477,-0.5470559893142681,-0.40218505080721134,-0.5992830501085321,-0.6220293998686205,-0.6204621347292402,-0.5161068156688153,-0.35100469707098236,-0.11323247786383166,-0.9945613232382963,-1.0660692887029788,0.37805259443085365,-0.3452653880755116,0.9233109887599051,-0.9930319544796213,-1.3820499768095447,-1.1172533899073924,-1.0856030631826643,-1.5618982421512562,-1.0811664739454434,-1.0593073321362412,0.2554605877232602,-1.0047316083623121,0.28577323698908436,-1.030197827798816,0.2504299353598425,-1.2200553649843353,-0.04942499981922745,-0.349979055687563,-0.11322770341445965,-1.0415616868880908,-0.2576297845084868,-0.34589745348185236,-0.2574049657175514,-0.17520808976711547,1.738110043936402,-2.361402391494108,-0.7246531758858902,-1.2200553649843353,-0.5992830501085321
0.20013413634269286,0.24862353954331246,0.1570887898087555,0.2217534123453045,0.2539427958918381,0.13979391770226152,2.102306661990404,0.7581701456733219,-0.11323064119850608,-0.7274836523549892,-0.816456474415329,0.7668109579509085,0.546187655473153,1.1663252081205082,-0.7248983697368617,-0.662755690993268,-0.5410617627477943,-0.8387448948216267,-0.7835522783176805,-0.8247733349243049,-0.9194411607666365,-0.09604037370018022,-0.470287519294836,0.28577323698908436,-0.7522852538168395,-0.29662848356476357,-1.18900340870113,-0.37946863342644366,0.11779979964453606,-0.11322770341445965,-0.007804676436687418,-0.15862403688291818,-0.623818340482199,-0.375876077805764,0.43574430319031177,0.8560306579659557,-2.2849482897151985,-0.2634296496041379,-1.18900340870113,0.2217534123453045
-0.2818653266563099,-0.7005632939170169,-0.3991438970648447,-0.7007594668163097,-0.8109645793463665,-0.6204621347292402,-0.5161068156688153,-0.6282984077570584,-0.11323517702541959,-0.820597466183353,-0.855468078059741,0.7600103922038431,-0.13739082908592276,0.43225714520701497,-0.820335747357166,-0.2722392558748972,-0.49717669684793125,-0.8675450144637479,-0.23673875195402613,-0.834269377110273,-0.7519957443382365,0.1376920879228421,0.39344321943658594,-0.4927124775673864,-0.9019304859609807,0.8920861918589027,0.42540258510855317,-0.1303936113019761,-0.2439563449537448,-0.11322770341445965,-0.07139037520477975,-0.3637073712501674,-0.3817582130948003,0.5192748867197498,-0.43158146410915704,-0.0843741464669729,-2.1198134616274866,-0.3205658480336415,0.42540258510855317,-0.7007594668163097
-0.5531432504629941,-0.7474683036567457,-0.34734143986343385,-0.719209724399542,-0.8109645793463665,-0.6604756111730035,-0.5161068156688153,-0.6282984077570584,-0.11323540077458429,-0.5571535051079822,-0.6385785826724205,0.7305975121334142,0.3631562503146717,0.5412160777461441,-0.5567467996439448,-0.45077958215343644,0.5121883988746172,-0.5877724236545719,-0.5204892873542882,-0.6016163435540547,-0.47226340159902713,-0.0032505711646136372,0.46091470709509913,0.28577323698908436,-0.7202184183573808,0.8308660629760043,0.8961972760086794,0.9829020799691369,0.0003822935964274881,-0.11322770341445965,-0.7787852046698671,0.17375240157434776,-0.15762846551387566,-0.053814042381055804,0.20212491704963137,1.3893168245714558,-0.23578318729269102,-0.2495858169025154,0.8961972760086794,-0.719209724399542
0.9117185466384761,1.6706981530159983,7.255163186298604,1.4486955416302512,1.8513038587491446,1.2201577816838691,2.102306661990404,0.20358272430116972,-0.11322764083938554,0.025602705339777872,-0.10920025322735352,0.6944091760960013,0.5565383454819901,0.6457007293517443,0.02496674013695728,-0.4185232783904334,0.06020788534912955,0.06228741969616043,-0.4474143846976717,0.0488625461847598,0.03795263198868568,-0.2333007390160456,0.26904614431483137,0.28577323698908436,-0.17508221554658104,0.5484329941605699,0.4533321083570949,0.35603184349481504,0.2741286392753629,-0.11322770341445965,0.13634074715399092,0.42833860975438126,-0.623818340482199,-0.19010952598710154,0.23287233837858523,0.7365034479985326,-1.3740836901775468,-0.17068734526678683,0.4533321083570949,1.4486955416302512
0.5069046928583891,3.968190811903804,-0.15374575167453147,4.299260338239639,4.32463711736691,2.7406698865468724,1.3541885255163413,3.253813541848006,-0.11321622149789093,-0.06206054377668175,-0.20352281747091347,0.6615839855396594,0.5130956016508591,0.5665864090661886,-0.06138136342427037,-0.46519465990674114,0.06599279684395377,-0.011770030812150844,-0.4347921731316412,-0.01760974911701687,0.006433494778633925,-0.21745837378588523,0.25261166271761326,0.28577323698908436,-0.2499048316186516,0.6182808230148559,0.5516159902373862,0.9132789698049343,0.2519933731601628,-0.11322770341445965,1.861752521182898,-0.5405033491529684,-0.4983056818368811,0.18599841571556075,-0.07648862408917087,-0.9243016429137451,-1.1037510626117424,-0.21045865491622318,0.5516159902373862,4.299260338239639
-1.022128281017659,-0.5172073467526226,-0.402976654886563,-0.48858150460913846,-0.45027014579794233,-0.5404351818417137,-0.5161068156688153,-0.6282984077570584,-0.11322561359601595,-0.9518652329950464,-0.9508830696204055,0.35111688019409826,-0.6138007744881039,-0.040603659683313614,-0.9521302212137767,0.24566612517187325,0.19104354940664636,-0.9086880425239208,1.0324590825072053,-0.9054896935050337,-0.907621484312867,0.06946308553433211,0.5340412729811692,-0.4927124775673864,-0.9767531020330512,1.228796900714845,-0.585158498146226,2.82002214316654,-0.3799624271471298,-0.11322770341445965,-0.9569128244763253,-0.4980723144562962,1.1064633108425392,0.6006307709119785,-0.7140904887211861,-0.689121943908649,-0.0064863917670625534,-0.5438975919934304,-0.585158498146226,-0.48858150460913846
-0.9919968353910612,-0.48309461239645624,-0.26115850975098137,-0.48858150460913846,-0.4330942203908745,-0.6204621347292402,-0.5161068156688153,-0.6282984077570584,-0.1132259190679473,-0.8310443818811695,-0.8296816726230255,0.3090239166045644,0.009577640695323339,-0.4397981279104901,-0.8294250214162426,0.11163336988213547,0.7058623585077868,-0.9086880425239208,1.1375193807708694,-0.9102377145980178,-0.6850175777668766,0.489500198210429,1.9075273145423175,-0.4927124775673864,-1.0729536084114277,2.0961107209982703,1.9068179717971276,1.1798034179323553,-0.6082544131006699,-0.11322770341445965,-1.1555984944146895,-0.14448035865069409,-0.11280251599769074,0.804239452170601,-0.29203713648796825,1.2953719207298604,1.478912695592082,-0.15305748187759627,1.9068179717971276,-0.48858150460913846
-0.05273900066668246,-0.1419672688347925,-0.1301709982345016,-0.11957635294449276,-0.08957571224951821,0.09978044125849826,-0.14204774743178405,-0.6282984077570584,-0.11323189272792583,0.11871651916814172,-0.04810113476523462,0.3567835551291605,0.6737122314624474,0.3502754918282791,0.12040411775726152,-0.47641325675333296,-0.022631305469288477,0.14045917301048902,0.0401228052173116,0.10583879930056836,0.20736799449271387,-0.22300059939219258,0.9368982821841101,-0.4927124775673864,-0.3140385025375692,1.0771103932599406,0.8379720772820862,0.7128556164335991,0.17659504522232297,-0.11322770341445965,-0.5474774651743002,0.9728702216950083,-0.623818340482199,-0.928047807621152,0.7672595545663989,1.567206059417473,0.4959413000712019,-0.16825916003395971,0.8379720772820862,-0.11957635294449276
0.06269893217361569,2.979347924754431,0.3619303422884928,3.0907684665379245,2.452461247996518,3.100791174540742,0.9801294572793099,1.59005127773155,-0.11321487679798198,0.23544944674809054,0.1390282508194028,0.4070966587771742,0.734181059981164,0.3018519074703132,0.23856468052525726,-0.2785377110007669,0.32822155861614644,0.19805941229473112,0.16272351492039064,0.16281505241637695,0.32950465118166444,-0.22172109848621369,0.9498049014701022,-0.4927124775673864,-0.26059377677180456,1.0323823205488791,1.0458686605415792,0.8142553571421023,0.19640451236691697,-0.11322770341445965,1.4265697181404742,-0.45564127975962393,-0.623818340482199,0.1637236078650703,-0.032633032749715345,-0.7899132434822614,0.4751834269065011,-0.0415366414265759,1.0458686605415792,3.0907684665379245
-0.9501635948379439,-0.5705084941841325,-0.40285642705903874,-0.5992830501085321,-0.6220293998686205,-0.6204621347292402,-0.5161068156688153,-0.6282984077570584,-0.11322989019356389,-0.8701067623164831,-0.8730732270419534,0.12890296636121326,-0.18573299209939198,0.49897735713693486,-0.8703267546820873,0.08908777550223689,-0.10361190212462419,-0.8346305920156095,0.610614671904019,-0.8200253138313209,-0.8091241805314553,0.03470330874687248,0.26922606456563253,0.28577323698908436,-0.837796815042063,0.5577137518144604,-0.20888575438114865,0.6898829604399287,-0.09724222523037705,-0.11322770341445965,-0.9046940774254584,-0.34956369301794327,1.4740360968752557,0.5539836306155962,-0.36036922629833507,-0.04237777164463394,0.18985627159318794,-0.42602616974070906,-0.2088857543811478,-0.5992830501085321
-0.20339006799536113,-0.23705651585260631,-0.07606364491999566,-0.24872815602711876,-0.1926312646919251,-0.22032737029160773,-0.5161068156688153,-0.6282984077570584,-0.11323196861794425,-0.0852254438022747,-0.11425102265127893,0.3286389390592043,0.5603935444637164,0.19249017785350309,-0.08864918560150015,-0.12859164918489904,0.09893280786830015,0.06228741969616043,0.3587779961961531,0.03461848290580765,0.07538160742562215,-0.22239640055984877,0.7597834148029727,-0.4927124775673864,-0.29266061223126333,0.8850713854244039,0.6242896068129514,0.4399407861848077,0.19708429757877963,-0.11322770341445965,-0.6746726761692992,0.732427691747199,-0.623818340482199,-0.23148348408681307,0.2543900777411511,1.2805080352590328,0.35049768773185197,-0.17556870165774638,0.6242896068129514,-0.24872815602711876
-0.3489179575830794,1.3082503504817307,0.093389821534001,1.301093480964393,1.3016742457229746,1.6603060225652648,0.9801294572793099,1.312757567045474,-0.1132186017776674,-0.18106453998659067,-0.18886039457415132,0.25652812377098194,0.5623098374266792,0.034403437021018016,-0.1795419261922661,-0.06039556739849286,0.15453638161075392,-0.061141664484358364,0.48506409584036486,-0.06508996004685734,-0.03690531888518724,-0.20898760150429935,0.6695374862119366,-0.4927124775673864,-0.30334955738441627,0.7057603220706424,0.5515113313335098,0.21044664021457504,0.2693895325342939,-0.11322770341445965,0.8756089509607599,-0.37785104948239145,-0.22934998473977156,0.18227612470712656,0.022254262060512692,-0.6204177621768231,0.5734924334308427,-0.15729724657881702,0.5515113313335098,1.301093480964393
-0.5264992062758352,-0.508252753984129,-0.39275261329082084,-0.48858150460913846,-0.45027014579794233,-0.5004217053979505,-0.5161068156688153,-0.6282984077570584,-0.11323294070206867,-0.334134565645901,-0.3190777307730095,0.13569172885552921,0.3683917383564178,0.05521637289521284,-0.3340595851965682,0.038136805324789996,0.009558841710421507,-0.2833140160092922,0.16441920781262917,-0.2407667404872671,-0.1255528922884578,-0.15165637136709284,0.8328274787968275,-0.4927124775673864,-0.42092795406909855,0.6651724532820723,0.8572982562128163,0.3011905879184231,0.11416753805806978,-0.11322770341445965,0.21892757483035902,-0.27177346274071085,0.048570902260575005,0.2494582182081854,-0.21563832699837768,-0.34146499755328913,0.7888924244146187,-0.10823735055593803,0.8572982562128163,-0.48858150460913846
-0.8828068408637613,-0.48949075008823745,-0.2689204638863573,-0.5070317621923707,-0.5017979220191457,-0.5404351818417137,-0.5161068156688153,-0.35100469707098236,-0.11322936515179129,-0.7969783524317681,-0.7893335524328435,0.2466291477201131,-0.42615368071481696,0.3154754228036288,-0.8067018362685511,0.15116648103670688,-0.09556204103918892,-0.6494869657448313,0.08999085926406175,-0.6111123857400228,-0.7185066610525565,-0.1457210902594084,0.266888836487634,0.28577323698908436,-0.6240179119790044,0.271275822405759,-0.6346680696942623,0.9512813541816574,-0.08262750025311959,-0.11322770341445965,-0.11880559100503517,-0.5405033491529684,0.07546647197028596,0.1708449136108703,-0.25910529601856547,-0.9243016429137451,0.2593049088020082,-0.4645610017453587,-0.6346680696942627,-0.5070317621923707
-0.9004174172283684,-0.48949075008823745,-0.2777625605065915,-0.5162568909839869,-0.5361497728332814,-0.5404351818417137,-0.5161068156688153,-0.07371098638490631,-0.11322899681299925,-0.7978867798837521,-0.7743980227068052,0.4091108923852676,-0.41130332435781575,0.3661499147155381,-0.7976125622094745,0.30531043954093146,0.33469187530882843,-0.6494869657448313,0.2260167520970684,-0.6158604068330068,-0.7204766071281847,-0.14300794332793332,0.327161294288489,0.28577323698908436,-0.6240179119790044,0.24932551750310508,-0.6271643484435572,0.8772805067788221,-0.03936972952710139,-0.11322770341445965,1.2018857105911112,-0.5263596709207443,-0.596922770772488,0.1659164587378534,-0.008116504939150586,-0.877577199402799,0.44981263089474666,-0.4348997375207906,-0.6271643484435576,-0.5162568909839869
-0.19771637181548726,-0.6941671562252356,-0.36820164547331885,-0.6823092092330775,-0.7594368031251629,-0.6204621347292402,-0.5161068156688153,-0.6282984077570584,-0.1132351890199423,0.0019835915881928966,0.05642026263410577,0.2337816713842926,0.5458475498698282,0.06410725804146118,0.002243554989265794,0.11031071311171577,0.2133585290173035,0.06640172250217773,0.7129017394611673,0.08209869383564813,0.22115761702211154,-0.2133070320851053,0.6928024939878509,-0.4927124775673864,-0.22852694131234574,0.7680794794530647,0.9596160836390677,0.34090592070048414,0.2026856420777444,-0.11322770341445965,-0.49030641193244423,0.49905700091550165,-0.623818340482199,0.054239697594179924,0.1997376322991735,0.8158702909998029,0.6321465686921578,-0.014059723260181012,0.9596160836390677,-0.6823092092330775
0.3165335960264904,-0.7005632939170169,-0.28661805424291686,-0.6730840804414613,-0.7422608777180951,-0.6204621347292402,-0.5161068156688153,-0.6282984077570584,-0.11323544472729451,0.46119366856612387,0.37341023862185935,0.3016031052767838,0.6329700266682254,0.20197755569925147,0.4567072579430955,-0.23493436113898758,0.04091524665409603,0.5971467844784085,0.2258854275149816,0.5996329929709093,0.6801550526434903,-0.2800301938892761,0.5914853415616402,0.28577323698908436,0.13489719389485408,0.7843304920346116,0.8187654282218935,0.5242460352714002,0.2784996864217651,-0.11322770341445965,0.6563071830357615,0.23032711450324408,-0.623818340482199,0.05970930055087312,0.02592292076141063,0.020462012794688456,0.36950992148916123,-0.11299404516068808,0.8187654282218944,-0.6730840804414613
-1.009524617901919,-0.7197517069923605,-0.3062266475162088,-0.7007594668163097,-0.7937886539392986,-0.6204621347292402,-0.5161068156688153,-0.6282984077570584,-0.11323338391645695,-0.9536820878990145,-1.0082969528049797,-0.13638179990029417,-0.7816597257844825,0.5941026634698372,-0.9521302212137767,-0.7703581060652973,-0.6976551301223683,-0.9210309509419726,0.5396188706920377,-0.92448177787697,-0.9332307832960341,0.06819170070883826,-0.35564717268191315,0.28577323698908436,-0.9767531020330512,1.0163950872795564,-0.7326674143066222,1.8004402573869858,-0.6837032477578528,-0.11322770341445965,-1.1921264989433948,-0.40613840594683964,2.424346226618376,0.6943936040037724,-1.0593825484996218,-0.1449270590015074,-0.2430213909152772,-0.7154643732715413,-0.7326674143066219,-0.7007594668163097
0.1140188366705521,-0.6664505595608505,-0.1771319498665302,-0.6269584364833806,-0.6907331014968917,-0.5404351818417137,-0.5161068156688153,-0.6282984077570584,-0.11323519865747331,0.2617938428556276,0.25560731473128423,0.2690492132417236,0.6131276295970804,0.21914155077735542,0.26128786567294876,-0.06738258489466503,0.10475322454783684,0.41611746101364766,0.4960521106529539,0.4192081914375155,0.518619474441975,-0.26179300459783916,0.7029373879895224,0.28577323698908436,-0.046814873708745826,0.9269891311915314,0.8543797340978676,0.4612805493901563,0.23668444645062847,-0.11322770341445965,-1.0007801622348966,1.4608271207067391,-0.623818340482199,-0.34296562420310084,0.9089724472685318,1.781220910681468,0.3994555291600739,-0.09348499079860957,0.8543797340978676,-0.6269584364833806
-0.06496547543493249,-0.2485695636978124,0.17111936336921293,-0.2395030272355026,-0.10675163765658603,-0.5004217053979505,-0.5161068156688153,-0.6282984077570584,-0.11323250993253599,0.06421087204909946,0.020935150922721774,0.1638808381175876,0.5023637421935686,0.18960245766637077,0.06586847340280196,-0.162477711416675,-0.0621577950607021,0.15280208142854088,0.06961638203454591,0.18180713678831312,0.2310073474002527,-0.2411941685794823,0.41787508299035997,0.28577323698908436,-0.025436983402439956,0.45483725410475223,0.6830137676737347,0.11402399133602074,0.2743088939324146,-0.11322770341445965,0.5255895501148796,-0.29298898008904695,0.13822280129294487,0.19327373398365666,-0.01400646305503435,-0.5372504141436022,0.36936121957248585,-0.11401959680394681,0.6830137676737356,-0.2395030272355026
-1.076768049857709,-0.28907843574576,-0.2876988428485314,-0.33175431515166404,-0.1754553392848573,-0.5004217053979505,-0.5161068156688153,-0.6282984077570584,-0.11320938790360352,-0.9809349114585357,-1.000861619377937,0.14730916783316003,-1.0305598069188633,0.021458219132775916,-0.9793980433910064,-0.14169207809706738,-0.2244650764121037,-0.9909740986442667,-0.5606499417599864,-0.9909540731787466,-0.9903592194892529,0.12738461181709773,-0.04900155701393657,0.28577323698908436,-0.9767531020330512,0.6395531602169457,-0.9345546173566551,0.8264265421966237,-0.5420287782292899,-0.11322770341445965,-1.2538019236752795,-0.40613840594683964,1.7609221737788392,0.7255307285076571,-0.9068721658001057,0.00661799898142781,0.5667838731076719,-0.589636495177193,-0.9345546173566551,-0.33175431515166404
1.691684629669728,-0.7052537948909897,-0.3880982441659989,-0.6915343380246936,-0.7937886539392986,-0.580448658285477,-0.5161068156688153,-0.6282984077570584,-0.11323565309860609,1.316932328335087,1.1743745336875235,0.4014521712986275,0.7558753499620761,0.30499938719819286,1.3110990194962955,-0.2572451996418648,0.07307244610181435,1.403550134457798,0.02147258803071834,1.4067965787781973,1.5095023504829772,-0.32608447059159523,0.35809834583028005,0.28577323698908436,0.9365680803813242,0.46083972072451546,0.8985057051720761,-0.12327743759342907,0.4624057658571331,-0.11322770341445965,-1.2324352682720459,3.030775404483612,-0.623818340482199,-0.5318426686673312,0.9968481831514142,2.1631961386522938,-0.325590713103399,-0.03275446202948523,0.8985057051720761,-0.6915343380246936
-0.7354828285483019,-0.760260579040308,-0.36386999960101174,-0.7376599819827743,-0.8624923555675699,-0.6204621347292402,-0.5161068156688153,-0.6282984077570584,-0.11323541527858051,-0.7006850425214601,-0.7701716945237571,0.06310934289692668,-0.18575511945219209,0.37943431928760696,-0.7021751845891703,-0.4812674709305131,-0.526523437061067,-0.5877724236545719,-0.4080127892780094,-0.5968683224610707,-0.6909274159937612,-0.14054991921223295,-0.1736212829426486,-0.4927124775673864,-0.5598842410600867,-0.00671416807107291,-0.5192674185928948,-0.011232499297784866,0.13826739692397325,-0.11322770341445965,-0.9995685242505783,-0.4344257624112878,3.293969647232364,0.44555318159543184,-0.3922499517008943,-0.5829117572611859,-0.12709677174016154,-0.48902377551520954,-0.5192674185928944,-0.7376599819827743
-1.0271485825218638,-0.38502050112247793,1.3921305440576257,-0.396330216692977,-0.26133496632019637,-0.5404351818417137,-0.5161068156688153,-0.6282984077570584,-0.1132202348920947,-0.9554989428029826,-0.9690941743800743,0.11863376367497643,-1.1594900267035213,-0.3935702757331338,-0.9566748582433149,-0.017324526211034905,0.3180266606243862,-0.9498310705840937,-0.8153614050793374,-0.9577179255278583,-0.9371706754472906,0.15422890699991013,0.7872739496135169,1.0642589515455552,-1.00881993749251,0.7887287907227432,-0.5184772524157059,0.8602200309439018,-0.6952825556815746,-0.11322770341445965,-1.1947535129677196,-0.2647016236245988,0.40717849839005443,0.6126491028714316,-0.9248685786629548,0.8172189130100693,0.013588984553119743,-0.5399942996318369,-0.5184772524157054,-0.396330216692977
-0.777850091297149,-0.28737279902795165,-0.24574295947050967,-0.3040789287768156,-0.08957571224951821,-0.580448658285477,-0.14204774743178405,-0.6282984077570584,-0.11322763043122723,-0.7283920798069733,-0.7149597351502217,0.09370211632818096,-0.24402702892811512,-0.15384953855596978,-0.7294430067664001,0.15542037352853566,0.22512750342274032,-0.6536012685508485,-0.028363527848769842,-0.6680886388558314,-0.6495585484055683,-0.04147850214374839,0.44230809005063293,1.0642589515455552,-0.7415963086636866,0.5553754830029604,0.11209793315722366,0.07611346471832262,-0.11363771078621757,-0.11322770341445965,-0.3294607071034952,-0.10912116307013389,-0.623818340482199,-0.13758013793249996,0.5547976364138097,0.6127656755838486,-0.04302665697526127,-0.31160845284832733,0.11209793315722366,-0.3040789287768156
-0.5910143214450873,-0.45537801573207104,-0.32215269450293,-0.4332307318594416,-0.34721459335553545,-0.580448658285477,-0.5161068156688153,-0.6282984077570584,-0.1132320321520301,-0.46858182853953856,-0.46475974117962837,0.19198254604531073,0.1877336015901467,-0.7302903129802021,-0.4703986960827171,0.010576442549144359,0.3223911375038153,-0.42731461421989747,-0.30673028752366605,-0.4069474787417088,-0.37573604389324367,-0.13241876159542845,0.6169379883930151,1.0642589515455552,-0.49575057014116913,0.4129209523331391,0.4154789083499138,-0.44869616872444845,0.06569456931855122,-0.11322770341445965,-0.33530357007383804,0.046459297484331016,-0.3727930231915633,0.022667741638651668,0.13415709203593645,0.5772302815034082,0.4515232300915122,-0.1550138402246227,0.4154789083499138,-0.4332307318594416
-0.7966453443545216,-0.13812958621972377,-0.15186789796214384,-0.10112609536126048,0.1337113180423634,-0.30035432317913424,-0.5161068156688153,-0.35100469707098236,-0.11322470309466749,-0.6520841738403141,-0.6933603987898459,0.2432529092564618,-0.08666356507788475,-0.5567569113687786,-0.652184177264249,-0.25216461336154833,0.040477236887383514,-0.5672009096244854,-0.49752505970792693,-0.5398920693452621,-0.6140995190442601,-0.14274558105341772,-0.04451295726833016,0.28577323698908436,-0.5705731862132397,0.30435462520317064,-0.2961140807800668,-0.025194980552397994,0.05976673608712819,-0.11322770341445965,-0.1651946311673963,-0.40613840594683964,-0.2024544150300606,0.1459710181132497,-0.05954283619226872,-0.5229470667673234,0.7500797233315252,-0.3716349507090269,-0.2961140807800672,-0.10112609536126048
-0.8345672833507133,-0.36370004214987395,-0.32371961923631154,-0.3871050879013609,-0.26133496632019637,-0.5404351818417137,-0.5161068156688153,-0.6282984077570584,-0.11322782807132839,-0.7138572405752287,-0.6826494903291728,0.30499986396543805,-0.20358717998936246,0.5559118597528873,-0.7112644586482468,0.28392238258848584,0.3117475946769977,-0.6206868461027102,0.9065698750440262,-0.6016163435540547,-0.5983399504392342,-0.08013510588842873,-0.41253313356596033,0.28577323698908436,-0.47437267983486325,-0.48919296606149737,0.09199282180205726,-0.3178517304047788,0.3283727811204838,-0.11322770341445965,-0.6371617444251353,-0.20105507157959043,-0.0769417563847428,0.2575331522302116,0.22749786327873817,0.17523980698021163,0.5803914622472017,-0.29034632705820695,0.09199282180205726,-0.3871050879013609
0.1394972015107745,1.02724670122281,0.15553674801181008,0.8213867838003537,0.7348687072897369,1.380211687458922,2.102306661990404,0.48087643498724575,-0.11322631895242316,0.3353764664663347,0.34390275263625664,0.15101759467773856,0.5694353926934286,0.2358115435967219,0.3385466951750998,-0.03656214228104542,0.07127453341586935,0.29268837683312887,0.037127614766745844,0.29575964301993024,0.3649636805429727,-0.2520685079640659,0.33679019511150726,0.28577323698908436,0.1990308648137717,0.1327691851531553,0.7597697346700567,-0.7083118601915565,0.4465951346622618,-0.11322770341445965,-0.5581047060522946,0.7960742437922074,-0.623818340482199,-0.10121631365398649,0.07026320696742376,1.0195305631487854,0.5211918777844782,0.06206042391803098,0.7597697346700567,0.8213867838003537
-0.7700784481496994,-0.6899030644307149,-0.40327079587560494,-0.654633822858229,-0.7422608777180951,-0.6204621347292402,-0.5161068156688153,-0.35100469707098236,-0.11323424888286815,-0.5971243129952798,-0.574340442591309,0.10028109172593987,0.0185805884505979,0.9180723588814722,-0.5976485329097895,0.15010448195879933,0.1885986390110669,-0.674172782580935,0.7998508173275023,-0.6680886388558314,-0.5037825388090789,0.0661581179503774,0.22811618262106964,0.28577323698908436,-0.7095294732042279,0.4922422250924714,1.1349454733512707,-0.5372829724305909,-0.07793009112957186,-0.11322770341445965,-0.8003299667622963,-0.3849228885985035,1.3933493877461227,0.6485139726703132,-0.6017657459666749,-0.3699494952588753,0.944549899325423,0.005504706340944002,1.1349454733512707,-0.654633822858229
-0.75177957201515,-0.5278675762389246,-0.06296973371061389,-0.5162568909839869,-0.5189738474262136,-0.580448658285477,-0.5161068156688153,-0.07371098638490631,-0.11323181113843227,-0.5853147561194874,-0.5660618918288765,0.09325120526525099,0.03355720501343942,0.9346584309693796,-0.5840146218211746,0.12398687911258165,0.1603765804767809,-0.6494869657448313,0.7880096623515889,-0.6396005122979271,-0.5018125927334507,0.02637342230808539,0.0911442977744411,0.28577323698908436,-0.6560847474384631,0.31667987775234335,0.9493863120424655,-0.505329967198998,0.0024302116876446286,-0.11322770341445965,2.0581634424858315,-0.4980723144562962,-0.623818340482199,0.10091336207237181,0.03067629116644108,-0.779327855855809,0.8663914669633745,-0.021153915387597307,0.9493863120424655,-0.5162568909839869
-0.9021593432686373,-0.24217342600603123,-0.13305083359590822,-0.31330405756843177,-0.2098071900989929,-0.5004217053979505,-0.14204774743178405,0.20358272430116972,-0.1132232796294031,-0.7783555896660953,-0.7941760778994459,0.005855108017777643,-0.39586358380462344,0.4620258160099586,-0.7794340140913213,-0.07648438841657285,-0.0019158261769335072,-0.814059077985523,0.10695326476828033,-0.8057812505523687,-0.7657853668676341,0.06012072734634176,-0.09761728240940128,1.0642589515455552,-0.8164189247357572,0.4802980952175141,0.08021955839587994,-0.2792854122795637,-0.33670989256772893,-0.11322770341445965,-0.06529088478689063,-0.5405033491529684,-0.3100366938689044,0.21338513613825247,-0.4079351145936644,-0.9243016429137451,0.6927738571104961,-0.2488978588411357,0.08021955839587994,-0.31330405756843177
0.8533847595338258,-0.30400275702658275,-0.29275143122760916,-0.2764035424019672,-0.15827941387778946,-0.3403677996228975,-0.5161068156688153,-0.35100469707098236,-0.11323419080702467,0.8936051357105257,0.8773725637674166,0.128755550453448,0.6867388600118752,0.09553390823556149,0.8929924127787721,-0.09157838415317342,-0.0363612758798201,0.8933765865116536,0.05031600119910834,0.9035063429218884,0.8416906308450055,-0.31084924009021964,-0.020300340887930476,0.28577323698908436,0.8831233546155596,-0.12984153278986532,0.5412630914689741,-0.2195651377640873,0.584954074368849,-0.11322770341445965,-0.8589557479597999,2.0053587326473665,-0.623818340482199,-0.405655134887426,0.9103068626015476,1.772026116380353,0.15508440210060728,0.04999464165313658,0.5412630914689741,-0.2764035424019672
1.0620183009977688,-0.3172214415895972,-0.28137466979377684,-0.33175431515166404,-0.2098071900989929,-0.5004217053979505,-0.5161068156688153,0.20358272430116972,-0.11323438528712215,1.1125361516386787,1.1309778585155466,0.16516373436931311,0.7229942654214003,0.1377538542032336,1.1156796272261487,-0.04231164634418368,0.01550496797039145,1.0579486987523454,0.11313314100865207,1.0791831233622982,1.0859639442229065,-0.3157791758893276,0.08712889999190143,0.28577323698908436,1.0220796416065476,-0.08540222917515485,0.7044962265469019,-0.2383535601598847,0.5773555477204352,-0.11322770341445965,1.187833078990133,-0.2788453018568229,-0.623818340482199,0.1542258877471989,-0.06128964066698739,-0.6673631922290434,0.17763169345126906,0.10819268560108679,0.7044962265469019,-0.33175431515166404
0.9766544907182895,1.0153072441981517,0.09653975589580059,1.0058893596326766,0.906627961360415,2.1004542634466605,-0.14204774743178405,1.59005127773155,-0.11323000896402778,1.0103380632904746,0.9841385579198701,0.14298651621840153,0.7060580598265828,0.12864210330021045,1.0111529755467679,-0.10661567012499377,-0.0038475751288437167,0.996234156662086,0.0313462906333823,1.0127108280605215,0.9697371257608408,-0.315319616694007,0.007856310340875982,0.28577323698908436,0.9579459706876301,-0.08209150172886161,0.5982834802195875,-0.2022594589306756,0.5724998371742991,-0.11322770341445965,1.2885374215100562,-0.46271311887573596,-0.3996885929012743,0.16246945595875809,-0.05842187127730624,-0.8457497191569824,0.14868390105983498,0.05745876065389905,0.5982834802195875,1.0058893596326766
1.5556480935932884,1.8233526392598427,-0.21831111755546978,1.9007268524194423,1.5764890522360597,2.020427310559134,2.4763657302274353,0.20358272430116972,-0.11322916272526065,1.6339735090775163,1.6119804339073964,0.15622648225671779,0.7764949826980525,0.13046361062692896,1.6292236115639762,-0.09888421666367882,-0.033062005131119704,1.5804651551165416,0.03813752008519879,1.6204575279624795,1.592240085659363,-0.3393151959253675,0.11383534077297468,0.28577323698908436,1.5351490089578887,-0.09463317239699558,0.6962774790123796,-0.16325468013492458,0.6151889471345203,-0.11322770341445965,0.8094939992155072,0.36469205770937285,-0.623818340482199,0.12506379885139043,-0.00871107193761313,-0.19834501575975005,0.22180465447717707,0.09970386461957884,0.6962774790123788,1.9007268524194423
1.3429984985086805,-0.2959009826169932,-0.3854762263644897,-0.2764035424019672,-0.1926312646919251,-0.30035432317913424,-0.5161068156688153,-0.6282984077570584,-0.11323448838378912,1.360536846030321,1.3527337762170313,0.16673866384664368,0.7340649070046462,0.16238685214617224,1.3610900268212167,-0.08118875440876515,-0.01915646335587445,1.3788643176216944,0.028436238323776414,1.4162926209641655,1.31644763507141,-0.3351798073109123,-0.02269439639183601,0.28577323698908436,1.3641258865074417,-0.1237159336922504,0.5550788171566805,-0.44528072387321,0.6072885721877745,-0.11322770341445965,1.4891522874665906,-0.5405033491529684,-0.23831517464300855,0.16809186595858597,-0.06160524013775199,-0.9243016429137451,0.13781692448889146,0.0660730945884261,0.5550788171566805,-0.2764035424019672
1.178038806849856,1.7278369830625764,0.2661741082500993,1.5962976022961095,1.3360260965371102,2.820696839434399,0.9801294572793099,4.085694673906234,-0.11322838755687936,1.2315401478485877,1.2179914012406041,0.16026027278224217,0.7262558629240112,0.13779734595968846,1.2338401899941445,-0.08827967431231194,-0.012208106257910011,1.2513209306351583,0.03599216709548806,1.2786000092676282,1.174611517626177,-0.33025562217150356,-0.006618097431332103,0.28577323698908436,1.2679253801290653,-0.17467455392560544,0.5262632270736339,-0.48255381241470324,0.6227705421284686,-0.11322770341445965,1.41193571864247,-0.5405033491529684,-0.36382783328832635,0.16929837936386902,-0.03715767587287952,-0.9243016429137451,0.18443786877492738,0.057306499363128635,0.526263227073633,1.5962976022961095
0.7889566864147285,0.7773709220638914,-0.3279037007392823,0.7291354958841924,0.6489890802543978,1.5802790696777382,-0.5161068156688153,0.7581701456733219,-0.1132303033266508,0.8350115650575552,0.8217424095615522,0.13808062191953857,0.6756720940034561,0.11060216723325778,0.8384567684243125,-0.08667929737038169,-0.025345087737959716,0.8440049528394461,0.005342851412169523,0.8560261319920479,0.7609228417442478,-0.31052299868863253,-0.05077000464501708,0.28577323698908436,0.9258791352281713,-0.2871316811300756,0.4612225376603449,-0.4146122114916872,0.6216215200606753,-0.11322770341445965,0.8457210005185976,-0.5405033491529684,0.1740835609058928,0.19194880796937003,-0.05454631879442258,-0.9243016429137451,0.16298571052110974,0.04345186554533549,0.461222537660344,0.7291354958841924
0.7519736907763845,-0.3462172657923387,-0.37297839019327844,-0.3225291863600479,-0.24415904091312854,-0.3403677996228975,-0.5161068156688153,-0.35100469707098236,-0.11323425703123216,0.7959491846222417,0.7934758527314728,0.1343079074709487,0.6699542725733543,0.10597775381407953,0.7975550351584678,-0.06858468875864744,-0.01592877293640262,0.8028619247792732,0.009433860054193173,0.8132939421551915,0.6998545133997726,-0.30949598717558796,-0.07684115263585282,0.28577323698908436,0.8938122997687125,-0.30558337044893197,0.4114172264907358,-0.8760498955575015,0.6240798894930227,-0.11322770341445965,1.3718972443560624,-0.5405033491529684,-0.5431316313530661,0.16333740961541768,-0.0507745869192505,-0.9243016429137451,0.15805243228699642,0.049164960840138265,0.4114172264907358,-0.3225291863600479
-0.60666247014649,-0.46177415342385225,-0.31234237034152207,-0.48858150460913846,-0.45027014579794233,-0.580448658285477,-0.5161068156688153,-0.35100469707098236,-0.11323200806591796,-0.6916007680016197,-0.737658326498434,0.07854553388540843,-0.3740166087598021,-0.3175029254530087,-0.6930859105300937,-0.3015244765653888,-0.6351536176460745,-0.5096006703402434,-0.499433499702643,-0.5019079006013897,-0.7441159600357236,-0.23099117938682603,-0.949085851259566,0.28577323698908436,-0.29266061223126333,-0.9598227068487808,-1.1816659825476794,-0.8158525766991419,0.28359856469429845,-0.11322770341445965,-1.121491916430534,-0.18691139334736634,2.3077987578762955,0.28184452375885277,-0.40933743654147503,0.08361135282238187,-0.7466960337492313,-0.5011320992980859,-1.1816659825476794,-0.48858150460913846
-0.9974923647883664,-0.5939609990539969,-0.33124054216102405,-0.6177333076917644,-0.6563812506827561,-0.580448658285477,-0.5161068156688153,-0.6282984077570584,-0.11322934547118486,-0.9482315231871103,-0.981892643167027,-0.20236457219791779,-0.8147496016618275,-0.45966084141953045,-0.9475855841842383,-0.37724635805169543,-0.6422688838664292,-0.9086880425239208,-0.6050491876596896,-0.9339778200629381,-0.9686898126573423,0.019892947476836044,-0.3506225643589103,0.28577323698908436,-0.837796815042063,-0.5178899014753563,-1.0766167757169394,-0.48003910928595034,-0.16683139697671556,-0.11322770341445965,-0.6642452038152226,-0.469784957991848,0.28166583974473663,0.5455094267831914,-0.5242949559310044,-0.504337894690359,-0.32467598186779956,-0.6438946666135238,-1.0766167757169394,-0.6177333076917644
-1.0830416244728234,-0.7474683036567457,-0.3817183565417157,-0.719209724399542,-0.8109645793463665,-0.6604756111730035,-0.5161068156688153,-0.6282984077570584,-0.11323349689931947,-1.0240852154277775,-1.0785144255295553,-0.8091547262587487,-1.322501847519511,-1.0231374005467293,-1.0248444136863895,-1.222481600375884,-1.1318243102388237,-1.0033170070623185,-1.1041044668991498,-1.028938241922619,-1.0790067928925235,-0.03576131680466499,-0.6727373616909509,0.28577323698908436,-0.9019304859609807,-0.6954521893486071,-1.9491471942946317,0.14080102101108305,-0.100843230268917,-0.11322770341445965,-0.3378693021243534,-0.5405033491529684,-0.44451454241745925,0.07663986860024186,0.015649409865616814,-0.9243016429137451,-0.4280617568535513,-0.8914634741953754,-1.9491471942946317,-0.719209724399542
-1.1363944840494742,-0.7048273857115377,-0.1449301544617106,-0.6915343380246936,-0.7594368031251629,-0.6604756111730035,-0.5161068156688153,-0.6282984077570584,-0.11322775118163556,-1.064056023315075,-1.1056902619602131,-0.8056718732914979,-1.5501682114977193,-1.0032230140860718,-1.065746146952234,-1.2877964622729718,-1.211732448997889,-1.12263178843682,-0.9961404174996299,-1.142890748154236,-1.1184057144050883,0.24655948018020618,0.30497631270175735,-1.271198192123857,-1.00881993749251,-1.0545225937145146,-1.8644858269474895,-0.2376356856411976,-0.011821545328892053,-0.11322770341445965,-0.29631471664867165,-0.5405033491529684,-0.40865378280451126,0.593593771375104,0.03973225613014907,-0.9243016429137451,-0.2674827500900511,-0.9057422653272338,-1.8644858269474895,-0.6915343380246936
-1.2095244082050705,-0.7474683036567457,-0.344178763529032,-0.7376599819827743,-0.8453164301605021,-0.6604756111730035,-0.5161068156688153,-0.6282984077570584,-0.11302512786508898,-1.1258290900499897,-1.145048369894269,-2.354222232706783,-3.448166835141963,1.185766345669358,-1.124826428336232,-2.191464559201151,-1.701785441098061,-1.3118897175136155,-3.1624457514826028,-1.3185675285946459,-1.1932636652789612,-0.44293400411643197,-3.0562514353649886,-4.38514105034974,-1.211909895402416,-2.3066655422725506,-3.702846946485439,-1.4105908610616915,-5.020309545091829,-0.11322770341445965,-1.383898522719098,-0.5263596709207443,-0.2741759342559565,-0.892856689195649,-5.2900024735347,1.4274953471372178,2.2730887101806134,-1.087673541045858,-3.702846946485439,-0.7376599819827743
-0.9662559835062884,-0.4937548418827582,0.5125902554604499,-0.48858150460913846,-0.45027014579794233,-0.5404351818417137,-0.5161068156688153,-0.35100469707098236,-0.11322727368865558,-0.9227955545315573,-0.9476399260227515,-0.4377362392516,-0.8699523177427582,-0.08509049317095398,-0.9203177620070085,-0.20478643888001768,-0.74051884721136,-0.8552021060456959,0.42752796476880944,-0.8675055247611614,-0.9785395430354835,-0.11837037098223432,-0.9921071782055545,1.842744666102026,-0.688151582897922,-1.1041272963584707,-1.5505229719458413,-0.10731877486546429,0.2327621768284309,-0.11322770341445965,-1.383898522719098,0.1313213668776755,-0.623818340482199,0.6582068198345086,5.4390386881343895,2.495403164048114,-0.3373515661258505,-0.6063200188060217,-1.5505229719458415,-0.48858150460913846
2.336493019957054,2.859100536148944,1.2250593225594497,3.0999935953295408,2.9505630848014848,1.700319499009028,3.598542934938529,0.48087643498724575,-0.11322856687437832,2.4138584766058124,2.4181440002354044,0.1372196458613761,0.8388640239891673,0.058276351908435074,2.4109011806445633,-0.0740664240806586,-0.03840879878748049,2.325153963005672,0.17056544089137352,2.3184166286311343,2.338849648322464,-0.3570002276302327,0.042868172325427036,0.28577323698908436,2.176485718147065,-0.08071877225122692,0.8090707693882778,-0.1050061253917788,0.6696556366067453,-0.11322770341445965,-1.2849528706466151,4.204700697758211,-0.623818340482199,-0.20323269428052737,0.40345187502358926,2.153830568381826,0.22212072625967805,0.13610430808271898,0.8090707693882778,3.0999935953295408
2.7483453260002544,1.3180577616091282,-0.33385701194924156,1.4579206704218675,1.3875538727583137,1.5802790696777382,2.4763657302274353,0.7581701456733219,-0.11323208517356517,2.7613319769897067,2.6738727005811564,0.1756752973139546,0.8380312492671295,0.11144540672831212,2.7653828689485507,-0.1512907276983717,-0.05923815816797512,2.7571557576374874,0.07215467879697955,2.7267464426277623,2.657980912574238,-0.3671471387502603,0.07296806300034825,0.28577323698908436,2.4864651275885,-0.011716237175469386,0.7218941907219378,-0.09300684628781407,0.6606614772299708,-0.11322770341445965,1.4783621073973274,0.06767481483266714,-0.623818340482199,0.14624619911951045,-0.06274885363219705,-0.5694691145902665,0.1656353491278106,0.08154942851186678,0.7218941907219387,1.4579206704218675
1.2022850476088915,0.17570756985700686,-0.34974031451028,0.11105186684591078,0.5459335278119909,-0.3403677996228975,-0.5161068156688153,-0.6282984077570584,-0.11323302279770443,1.215642667438867,1.1950913936058007,0.06829135027671053,0.7103825920809868,-0.027157183613730214,1.2156616418759911,-0.09779771853663083,-0.12051499141671847,1.2142922053810026,-0.05398226820220862,1.178891566314963,1.054444807012855,-0.32730488475503855,-0.16573812457549505,0.28577323698908436,1.32137010589483,-0.407496208531684,0.4710064758462703,-0.5567736498098904,0.6723428435381569,-0.11322770341445965,0.214805872084023,-0.46271311887573596,2.3974506569086653,0.2227077401159254,-0.041131421962004866,-0.8509469163809646,0.1265060969531082,0.06315776185912841,0.4710064758462703,0.11105186684591078
1.6345212114794738,-0.12277885575944891,-0.31881451822465623,-0.1288014817361089,0.09935946722822775,-0.3403677996228975,-0.5161068156688153,-0.6282984077570584,-0.113234197574852,1.604903830614027,1.5729329849916418,0.08893166489638926,0.7533896070142496,0.04656964359121909,1.6065004264162848,-0.1106141421932409,-0.10520432295569164,1.5886937607285763,0.02014119095062566,1.5587332537536869,1.4701034289704125,-0.3395800758520531,-0.14756439842900906,0.28577323698908436,1.642038460489418,-0.318330752907718,0.5931762729689001,-0.5532831399760898,0.6663721574443013,-0.11322770341445965,1.0746293590098004,0.02524378013599489,-0.623818340482199,0.14299086236129577,-0.059587641284029,-0.4608933690120776,0.08886527676906525,0.07814720930014314,0.5931762729689001,-0.1288014817361089
1.6345212114794738,-0.4233973272731651,-0.33760080092936534,-0.40555534548459315,-0.295686817134332,-0.5404351818417137,-0.5161068156688153,-0.6282984077570584,-0.11323494662952695,1.604903830614027,1.5729329849916418,0.08893166489638926,0.7533896070142496,0.04656964359121909,1.6065004264162848,-0.1106141421932409,-0.10520432295569164,1.5886937607285763,0.02014119095062566,1.5587332537536869,1.4701034289704125,-0.3395800758520531,-0.14756439842900906,0.28577323698908436,1.642038460489418,-0.318330752907718,0.5931762729689001,-0.6067709965437046,0.6663721574443013,-0.11322770341445965,2.0679979052435593,-0.5405033491529684,-0.623818340482199,0.1617665315515941,-0.05334495122503003,-0.9243016429137451,0.08886527676906525,0.07814720930014314,0.5931762729689001,-0.40555534548459315
0.8004027068148271,-0.04602520345807457,-0.14106874730924313,-0.018099936236715197,0.3398224229271771,-0.42039475251042396,-0.5161068156688153,-0.6282984077570584,-0.11323323744891599,0.8241104356337469,0.7958808997467858,0.06121165543255131,0.6407721690401231,-0.05697829220482428,0.8202782203061593,-0.11115018772323132,-0.13621298006357055,0.8686907696755499,-0.06395274740225342,0.8275380054341436,0.7156140820047985,-0.3101555231883203,-0.33770857653061453,0.28577323698908436,0.9686349158407831,-0.4353310257462554,0.41831424456666794,-0.6771255043133154,0.6238733688411857,-0.11322770341445965,0.4109971968633186,-0.5405033491529684,0.7568209046162969,0.2067732171926154,-0.09777983876755493,-0.9243016429137451,0.12437081606108741,0.013960327803688652,0.41831424456666794,-0.018099936236715197
1.363495089859715,0.10108596345289292,-0.2515005661882626,0.10182673805429465,0.4944057515907875,-0.30035432317913424,-0.5161068156688153,-0.35100469707098236,-0.11323340599392738,1.3328298087448078,1.3021526845174092,0.07269610339526632,0.7237041639259137,0.0060735980104642566,1.3292775676144486,-0.11077527653524583,-0.1390218011899323,1.362407106397625,-0.04511716960230138,1.3213321991044846,1.1273328118110995,-0.33603578949679835,-0.2583685662259911,0.28577323698908436,1.5244600638047359,-0.49360787920209137,0.37509185177405546,-0.7541763665408308,0.7082434035348166,-0.11322770341445965,0.7032346687770084,0.1949679189226839,-0.623818340482199,0.12218105260267195,0.03486869266447134,-0.2679862038297557,0.07283665310428156,0.048432056788625076,0.37509185177405546,0.10182673805429465
1.042508983135114,-0.3807564093279571,-0.34958103841602467,-0.3871050879013609,-0.22698311550606073,-0.6204621347292402,-0.14204774743178405,-0.6282984077570584,-0.11323457241758993,1.0548510084376923,1.0582426822085818,0.07338597011632605,0.6847008022804045,-0.06030499200041089,1.0565993458421508,-0.06299910088565856,-0.08523380377607234,1.0702916071703972,0.0020730849238942556,1.0317029124324577,0.946097772853302,-0.31873581547539215,-0.16720891160265305,0.28577323698908436,1.171724873750689,-0.4253451659840767,0.5171069233480283,-0.6283921778337863,0.6526426440929033,-0.11322770341445965,1.0579407302439285,-0.5405033491529684,-0.0769417563847428,0.18822791913078354,-0.11147869042764053,-0.9243016429137451,0.11776030011304875,0.060887190250191466,0.5171069233480283,-0.3871050879013609
-0.9551365225155698,-0.7176196610951,-0.387072561314358,-0.6915343380246936,-0.8109645793463665,-0.6204621347292402,-0.5161068156688153,-0.07371098638490631,-0.11323385132301395,-0.8623851289746188,-0.8566117129073348,-0.4650917377195704,-0.7365826516652432,-0.9026604687126935,-0.8612374806230106,0.18897537657812663,-0.5178443722343427,-0.8222876835975577,0.3457777399154962,-0.8437654192962412,-0.8761023471028153,-0.009163868965731979,-0.6802669693075287,0.28577323698908436,-0.7843520892762984,-0.10415253167360683,-0.6780524626263701,-0.44292083379478553,-0.31987290599160384,-0.11322770341445965,-1.1409324222101385,-0.48392863622407206,2.9891531905223063,0.6352761015717634,-1.070164971788963,-0.6503058770825652,0.3632298692454495,-0.40043687727924887,-0.6780524626263701,-0.6915343380246936
-0.7422274564219542,-0.21872092113616684,0.6364369399199418,-0.21182764086065417,-0.14110348847072166,-0.30035432317913424,-0.5161068156688153,0.7581701456733219,-0.11322721744909042,-0.6570805248262264,-0.6418524507883681,-0.3020229433895872,-0.3135242597396467,-0.5256349305328744,-0.6567288142937873,0.1298607766761127,-0.3799238011511093,-0.5918867264605892,-0.1727024325052009,-0.6016163435540547,-0.6988072002962742,-0.14140246949647006,-0.8563772932794386,0.28577323698908436,-0.47437267983486325,-0.48919296606149737,-0.5488576026438438,-0.5508391846284634,0.12711175999792215,-0.11322770341445965,0.1718857828415365,-0.1798395542312543,-0.623818340482199,-0.04050064279465895,0.414002801953557,0.24396114759858376,0.2446806778621408,-0.25039101975236017,-0.5488576026438438,-0.21182764086065417
-0.7763754522116544,-0.6835069267389337,-0.3858128012445916,-0.654633822858229,-0.7422608777180951,-0.6204621347292402,-0.5161068156688153,-0.07371098638490631,-0.11323412118152999,-0.6648021581680906,-0.632332970870412,-0.3106406503769859,-0.34141035786593926,-0.6844424966216882,-0.6658180883528639,0.2526214430021684,-0.3143333106370229,-0.6042296348786411,-0.10986700986064477,-0.6158604068330068,-0.6909274159937612,-0.12426256452865178,-0.7549965041327623,0.28577323698908436,-0.49575057014116913,-0.4530842393818077,-0.43493418606593987,-0.4554222186689417,0.07298022405058963,-0.11322770341445965,0.8351777523997536,-0.48392863622407206,-0.5252012515465921,0.18798308354541085,-0.10994253415348909,-0.73740386886996,0.4593799947807766,-0.21686572614414576,-0.43493418606593987,-0.654633822858229
-0.7763754522116544,-0.7090914775060585,-0.3096423379573629,-0.6823092092330775,-0.7937886539392986,-0.6204621347292402,-0.5161068156688153,-0.07371098638490631,-0.11323453858675836,-0.6648021581680906,-0.632332970870412,-0.3106406503769859,-0.34141035786593926,-0.6844424966216882,-0.6658180883528639,0.2526214430021684,-0.3143333106370229,-0.6042296348786411,-0.10986700986064477,-0.6158604068330068,-0.6909274159937612,-0.12426256452865178,-0.7549965041327623,0.28577323698908436,-0.49575057014116913,-0.4530842393818077,-0.43493418606593987,-0.6044943849739134,0.07298022405058963,-0.11322770341445965,2.0679979052435593,-0.5405033491529684,-0.623818340482199,0.1617665315515941,-0.05334495122503003,-0.9243016429137451,0.4593799947807766,-0.21686572614414576,-0.43493418606593987,-0.6823092092330775
-0.3623347549155076,-0.6835069267389337,-0.2358154849134712,-0.6638589516498451,-0.7079090269039595,-0.6604756111730035,-0.5161068156688153,-0.6282984077570584,-0.11323496972521348,-0.31869129896217235,-0.3291536658556156,-0.1791229356726204,0.03696639615596741,-0.4115489353642989,-0.31588103707841503,-0.06522791368357773,-0.4644864659716718,-0.19691365708292904,-0.3637684372148361,-0.20278257174339473,-0.3796759360445001,-0.2356833467289966,-0.76545290364503,1.0642589515455552,0.017318797210171787,-0.7964189804922205,-0.3448498550693698,-0.6854116523044302,0.40538769024599397,-0.11322770341445965,0.059888305961673965,0.07474665394877918,-0.623818340482199,-0.008658493279748136,0.29420585820217665,0.3652341016310054,0.06541872110003889,-0.20178548434416063,-0.3448498550693698,-0.6638589516498451
-0.17103367088008736,-0.5001509795745395,-0.04929082210939633,-0.47013124702590614,-0.46744607120501014,-0.4604082289541872,-0.5161068156688153,-0.6282984077570584,-0.11323388346083672,-0.189240387054447,-0.21017979643451912,-0.15535172631489078,0.11706281783454754,-0.3468527365832089,-0.193175837280881,-0.10488148164958672,-0.48441745546777204,-0.0405701504542719,-0.39858302820736835,-0.05559391786088925,-0.2654190636580625,-0.2580050126078487,-0.6605571854177769,0.28577323698908436,0.16696402935431287,-0.7514125469063482,-0.31459381675593684,-0.6350180900804314,0.4450506920789961,-0.11322770341445965,0.7022748175922724,-0.32127633655349513,-0.623818340482199,0.12762415356289808,-0.011875039164543263,-0.5177642450053074,-0.11343243292814838,-0.195822559717045,-0.31459381675593684,-0.47013124702590614
-0.3771781554502689,-0.7432042118622249,-0.38910737145597696,-0.7376599819827743,-0.8624923555675699,-0.6204621347292402,-0.5161068156688153,-0.6282984077570584,-0.11323546150976659,-0.33640563427586107,-0.34485048086826114,-0.1938648267970687,0.03568712889333793,-0.3661283149317804,-0.3340595851965682,-0.056434254285041514,-0.4607129183816065,-0.22982807953106738,-0.38679747287560506,-0.2502627826732352,-0.4013453428764107,-0.2230789179672004,-0.8128752443736139,1.0642589515455552,-0.03612592855559289,-0.7947901554687298,-0.2909301872321808,-0.6185730781409753,0.38234056580671694,-0.11322770341445965,0.6433061067935174,-0.5405033491529684,-0.2562455544494825,0.21518816824134218,-0.1189119356091922,-0.9243016429137451,0.050451182632569855,-0.1918091930564054,-0.2909301872321808,-0.7376599819827743
-0.07334163141370084,-0.6408660087937257,0.012053598136784999,-0.6454086940666128,-0.6735571760898239,-0.6604756111730035,-0.5161068156688153,-0.6282984077570584,-0.1132349302225596,-0.14200215955127704,-0.15206778391760786,-0.12403705221917027,0.15622379789284355,-0.4274495768173754,-0.1431848299559597,-0.0690869894886166,-0.4859758718713791,0.0211443916359875,-0.3536238863741285,-0.0033656858380647268,-0.2496594950530366,-0.2693760800031178,-0.7635269362021637,0.28577323698908436,0.2738534808858422,-0.8966894489382913,-0.3924147049114617,-0.6010213086953718,0.4895481178087029,-0.11322770341445965,0.653592690175828,-0.17276771511514227,-0.623818340482199,0.09095213917545095,0.05874660887577764,-0.26915819568526256,-0.23975908396127857,-0.18274607784563077,-0.39241470491146213,-0.6454086940666128
-0.40009408545882236,-0.36540567886768227,-0.03259189106375418,-0.33175431515166404,-0.3128627425413998,-0.3803812760666607,-0.5161068156688153,0.48087643498724575,-0.11323214680715897,-0.3513946872335977,-0.3385468338650315,-0.2129220153388163,0.030850454789881243,-0.46877678151420626,-0.35223813331472137,0.03197519920430395,-0.4172567069828566,-0.2833140160092922,-0.2919176639459926,-0.3024910146960597,-0.41119507325455185,-0.20318975960360827,-0.7457939236509488,1.0642589515455552,-0.11094854462766345,-0.7317283556883035,-0.16256383003350594,-0.5872647713852928,0.31238236464261254,-0.11322770341445965,0.5161719004603473,-0.5334315100368564,-0.05004618667503184,0.2630026301934041,-0.2385817680162007,-0.9080449816921948,0.07974569349404183,-0.1333006532225668,-0.16256383003350508,-0.33175431515166404
-0.5742382857933398,-0.4182804171197401,-0.2942999283274401,-0.396330216692977,-0.2785108917272642,-0.6604756111730035,-0.5161068156688153,-0.07371098638490631,-0.11323171992095381,-0.46131440892366626,-0.3679228871890451,-0.20831838606995248,-0.14455176327169997,-0.4962363776304551,-0.46130942202364056,0.43909927933344006,-0.1498851708975742,-0.37794298054768993,-0.09113094084241467,-0.3594672678118683,-0.47226340159902713,-0.1952099235996768,-0.9336920453124818,0.28577323698908436,-0.2499048316186516,-0.42395993238901825,-0.24795518909961356,-0.6897710952638629,0.22087394065305666,-0.11322770341445965,0.1809611912906401,-0.3142044974373831,-0.22934998473977156,0.1739721876443214,-0.1490221849255583,-0.3736369818286417,0.39322546282459603,-0.07097464023153324,-0.24795518909961312,-0.396330216692977
0.8020767352744556,1.01701288091596,0.2349827132859191,1.098140647548838,0.63181315484733,1.7403329754527914,1.3541885255163413,1.59005127773155,-0.1132294955014845,0.827289931715691,0.9213581255400201,0.02268027913620922,0.5627021382331433,-0.05396180363463948,0.8293674943652359,0.08892774527657558,-0.13194475813379367,0.8604621640635153,0.0023696245375060777,0.870270195271,0.6919747290972597,-0.3168429909457815,-0.6742266248713427,0.28577323698908436,1.0969022576786183,-0.5859214293961417,0.2883317998798465,-0.9531797193164321,0.6629056294399253,-0.11322770341445965,-0.4614089600739051,1.2911029819200501,-0.623818340482199,-0.024278819355198735,0.40882418410973864,1.0448214834543565,0.12708057403280404,0.09539250612113419,0.2883317998798465,1.098140647548838
-1.0957175620988333,-0.5231770752649517,-0.3909741345118085,-0.4978066334007546,-0.5189738474262136,-0.580448658285477,-0.5161068156688153,0.48087643498724575,-0.11321943763834609,-0.9927444683343282,-0.9498742812697668,-0.04088363964949641,-1.9205710424242923,-0.12328112240586188,-0.9930319544796213,1.3380781711410532,0.5000974532293438,-0.9457167677780765,0.13245506470115484,-0.92448177787697,-0.9608100283548294,0.013981398681916259,-0.8140419857312006,-0.4927124775673864,-0.9126194311141336,-0.11413069390827373,-1.0476864555983147,0.5059126515869189,-0.5247627321467844,-0.11322770341445965,-1.1581054957165853,-0.5334315100368564,2.7739886328446186,0.6677830367645688,-1.295119406910383,-0.883281927970996,0.8399459036835937,-0.47882803299108495,-1.0476864555983147,-0.4978066334007546
2.4778296867866203,1.2391720634104935,0.5992283886683172,1.365669382505706,1.5764890522360597,1.0601038759088162,0.9801294572793099,-0.35100469707098236,-0.11323195994525084,2.5410383198835778,2.5875555802707533,0.05811779139253688,0.7874487723339078,-0.016737083359449557,2.542695654501174,-0.037940242411622346,-0.08270510871473218,2.4197829275440697,-0.10236705947263008,2.4418651770487196,2.4117376531207086,-0.36087341568423886,-0.186184786866439,0.28577323698908436,2.5826656339668763,-0.4055206436849887,0.7515732438547765,-0.4040807751895681,0.721318065625467,-0.11322770341445965,-1.255233586639553,4.473430584170469,-0.623818340482199,-0.4115972501855534,1.2495030107484337,2.221781500380845,0.20886354665546655,0.1636622873076059,0.7515732438547765,1.365669382505706
1.3110619188286337,1.2101762392077522,-0.27966056504768244,1.1165909051320704,0.7863964835109404,2.1404677398904237,2.4763657302274353,0.48087643498724575,-0.1132302369992167,1.456830155940629,1.5081486312519783,-0.0101073986213508,0.6836473214089511,-0.1678318234835736,1.4519827674119827,-0.00850795919952144,-0.08256319902134901,1.3582928035916078,-0.17547419596588074,1.3545683467553729,1.381455855567142,-0.3272477186262754,-0.3220941164168595,0.28577323698908436,1.5672158444173476,-0.5524681876100764,0.7657005395404122,-0.939461283128327,0.6809796548845637,-0.11322770341445965,0.490618770183398,-0.5405033491529684,1.4292101473590706,0.21319912915955377,-0.09552104150504348,-0.9243016429137451,0.31507301408275507,0.15320675624670624,0.7657005395404122,1.1165909051320704
-0.36388532821293723,-0.508679163163581,-0.391906118120515,-0.48858150460913846,-0.48462199661207794,-0.5404351818417137,-0.5161068156688153,-0.6282984077570584,-0.11323350476372189,-0.17107183801476625,-0.08656311091572841,-0.2286767478420147,0.013594276385998295,-0.43982923704887567,-0.1704526521331895,0.24775182177968205,-0.0980256519157608,-0.1516563262167388,-0.31298770300383333,-0.10782214988371377,-0.14131246089348368,-0.21497350671027948,-0.6353205661806126,0.28577323698908436,0.00662985205701885,-0.45671426396519255,0.30239514993751154,-0.5236192642634874,0.3606475606786568,-0.11322770341445965,-0.40726441139307806,-0.4344257624112878,2.2719379982633474,0.33349693027826915,-0.3882702761614117,-0.7192030681999984,0.6829906982206897,0.03797761533485498,0.3023951499375107,-0.48858150460913846
-1.1660451294734013,-0.7687887626293496,-0.40053190548746626,-0.7376599819827743,-0.8624923555675699,-0.6604756111730035,-0.5161068156688153,-0.6282984077570584,-0.11323249472067844,-1.0495211840833305,-1.0580809139466518,-0.5344262355063258,-2.0063267776169735,1.532672655572795,-1.047567598834081,0.27932702828830275,0.0438138810578176,-1.065031549152578,0.688431733349009,-1.0574263684805232,-1.0258182488505612,0.2848244256741741,-0.44658392005771413,0.28577323698908436,-1.00881993749251,-0.07160307831500186,-0.8668996658915055,0.31174140997863165,-0.6302489791881865,-0.11322770341445965,-1.344416047235865,-0.4344257624112878,1.303697488713753,0.9262385928239414,-1.089383336376384,-0.01196660366983714,2.8574214259287527,-0.7189021051475699,-0.8668996658915055,-0.7376599819827743
1.2796980916544,-0.09037175812109088,3.948964599841519,-0.03655019381994748,0.21959094507770244,-0.30035432317913424,-0.5161068156688153,-0.07371098638490631,-0.11323386843750567,1.5880979227523224,1.71036034148339,-0.04519595972728175,0.6349980354577142,0.013714454989270038,1.5883218782981317,0.07090542390487291,0.020411608243314932,1.4200073456818672,0.2679082932606315,1.4542767897080378,1.8384833451128924,-0.31629308006266943,-0.2972847924749824,0.28577323698908436,1.674105295948877,-0.5248808073768587,1.370653928559669,-0.9531550452375253,0.7126651779749378,-0.11322770341445965,-1.2922552547200896,3.2004995432703014,-0.623818340482199,-0.7576801265911458,1.3507477656302926,2.2548310855452653,0.5452760275327079,0.22213226394756094,1.37065392855967,-0.03655019381994748
0.9413672242831157,1.1521845908022692,-0.04188588091196445,1.1442662915069186,0.7520446326968047,1.8203599283403178,0.6060703890422786,1.867344988417626,-0.11322946213402103,1.2024704693850985,1.3313938913444676,-0.09242796426817264,0.5437388278633973,0.1439415114435243,1.2020277307873763,0.10732455597700126,-0.002853157299140295,1.0620630015583628,0.3464670621207003,1.064939060083346,1.4760132671972972,-0.2922425759682741,-0.3466450830300277,0.28577323698908436,1.2786143252822182,-0.5447684172194256,1.4893975912402972,-0.9472719767407075,0.6745714618086367,-0.11322770341445965,1.0858341320235978,-0.5405033491529684,0.1113272315832339,0.1985532752501207,-0.09317408635012753,-0.9243016429137451,0.5181191721980855,0.21852721775757286,1.4893975912402981,1.1442662915069186
1.1331534670603758,-0.38502050112247793,-0.38289117165736986,-0.40555534548459315,-0.3128627425413998,-0.580448658285477,-0.5161068156688153,-0.35100469707098236,-0.11323463511879983,1.3687126930981774,1.518106789014459,-0.050751976508036756,0.5850542467541991,0.059679920741505924,1.3701793008802934,0.12014755198776506,0.020866927249705996,1.2142922053810026,0.33385311184278776,1.2358678194307717,1.5843603013568501,-0.306318730612121,-0.44533268191935493,0.28577323698908436,1.481704283192124,-0.5803229753794442,1.340618718556898,-0.7618119661172547,0.7136058378027782,-0.11322770341445965,1.3659552918892308,-0.2859171409729349,-0.623818340482199,0.14023617646582812,-0.012532303038979335,-0.6895566568458116,0.45611252631061705,0.2336681853492436,1.340618718556898,-0.40555534548459315
