release,start_date,end_date,duration_days,weighted_velocity,velocity_change_pct,is_degraded,issue_count,bugs,improvements,new_features,tasks,velocity_per_day,prev_weighted_velocity,total_commits,total_churn,churn_concentration,developer_churn_inequality,refactoring_ratio,file_hotspots,avg_commit_size,churn_volatility,unique_developers,avg_files_per_commit,num_nodes,num_edges,density,avg_clustering,diameter,num_components,giant_component_size,avg_degree,max_betweenness,degree_centralization,avg_closeness,network_jaccard,nodes_added,nodes_removed,density_change,centralization_change,turnover_rate,commits_per_day,churn_per_developer,edges_per_node,num_issues,earliest_issue_created,velocity_change
0.6,2011-07-19 21:32:10+00:00,2011-07-19 21:32:27+00:00,0.00019675925925925926,46.25,0.0,0,38,20,17,1,0,235058.82352941178,0.0,0,0,0.0,0.0,0.0,0,0.0,0.0,0.0,0.0,0,0,0.0,0.0,0,0,0.0,0.0,0.0,0.0,0.0,0.0,0,0,0.0,0.0,0.0,0.0,0.0,0.0,38,2011-07-19 21:32:10+00:00,0.0
0.7.1,2011-11-23 23:46:49+00:00,2012-07-16 18:05:58+00:00,235.7632986111111,54.45,17.729729729729733,0,46,19,22,0,3,0.2309519773466296,46.25,108,36697,0.7752170174370898,0.642857142857143,0.3055555555555556,11,339.787037037037,808.0145021548449,7.0,9.962962962962964,6,9,0.6,0.6777777777777777,2,1,1.0,3.0,0.5,0.2407407407407407,0.740410052910053,0.0,6,0,0.0,0.0,0.0,0.458086566637943,5242.428571428572,1.5,46,2011-11-09 16:45:25+00:00,8.200000000000003
0.7.2,2012-08-24 14:33:33+00:00,2013-02-14 18:02:55+00:00,174.14539351851852,16.5,-69.6969696969697,1,13,4,2,3,3,0.09474841491139069,54.45,238,180057,0.8973185802087043,0.7137605042016806,0.42857142857142855,24,756.5420168067227,7356.580127134292,16.0,10.802521008403362,15,25,0.23809523809523808,0.5262962962962964,3,4,0.8,3.3333333333333335,0.25824175824175827,0.4826666666666666,0.0,0.3076923076923077,9,0,-0.3619047619047619,0.24192592592592588,0.6,1.366674105994605,11253.5625,1.6666666666666667,13,2012-01-05 14:46:29+00:00,-37.95
0.7,2011-07-19 21:32:09+00:00,2013-11-26 03:54:52+00:00,860.265775462963,86.9,426.6666666666667,0,75,33,27,6,8,0.10101529373667535,16.5,732,423293,0.9043218994441693,0.8117030965391623,0.39617486338797814,74,578.2691256830601,5903.481175561829,36.0,9.443989071038251,33,49,0.0928030303030303,0.3774891774891775,3,12,0.6363636363636364,2.9696969696969697,0.15762768817204298,0.6233766233766234,0.0,0.37037037037037035,18,0,-0.14529220779220778,0.14070995670995678,0.5454545454545454,0.8508998275632491,11758.138888888889,1.4848484848484849,75,2011-07-19 21:32:09+00:00,70.4
0.8.0,2011-08-10 18:33:46+00:00,2014-06-20 20:24:52+00:00,1045.0771527777779,450.15000000000003,418.0092059838895,0,340,234,50,9,17,0.4307337489902227,86.9,929,427015,0.8806996706440395,0.8312447955805593,0.3961248654467169,93,459.6501614639397,4129.903492635566,53.0,8.389666307857912,44,65,0.06871035940803383,0.3332821590174531,3,18,0.5909090909090909,2.9545454545454546,0.10878552971576227,0.6765734265734267,0.0,0.6764705882352942,12,1,-0.024092670894996476,0.05319680319680331,0.2727272727272727,0.8889295852758344,8056.88679245283,1.4772727272727273,340,2011-07-19 21:32:12+00:00,363.25
0.8.1.1,2014-03-19 00:44:11+00:00,2015-02-02 15:57:29+00:00,320.63423611111114,28.5,-93.66877707430857,1,18,16,1,0,1,0.08888632837737184,450.15000000000003,294,46728,0.801277359086076,0.662678864649308,0.3877551020408163,30,158.9387755102041,662.1234889657658,58.0,4.802721088435374,53,68,0.04934687953555878,0.17472873038910774,6,20,0.6226415094339622,2.5660377358490565,0.09437441643323996,0.6600998890122087,0.0,0.09917355371900827,40,31,-0.019363479872475046,-0.016473537561217944,0.7547169811320755,0.9169326506297305,805.6551724137931,1.2830188679245282,18,2013-03-13 22:15:51+00:00,-421.65000000000003
0.8.1,2012-12-06 05:13:41+00:00,2015-05-13 07:00:49+00:00,888.0743981481481,121.8,327.36842105263156,0,107,67,20,7,5,0.1371506714459765,28.5,882,192964,0.839360023495036,0.7764518236673201,0.39909297052154197,89,218.78004535147392,1207.4587580703974,118.0,5.776643990929705,107,139,0.024510668312466937,0.2202475384052885,6,46,0.5607476635514018,2.5981308411214954,0.07149133053894957,0.7262152894506826,0.0,0.39864864864864863,54,0,-0.024836211223091844,0.06611540043847386,0.5046728971962616,0.9931600346087954,1635.2881355932204,1.2990654205607477,107,2011-08-24 03:29:34+00:00,93.3
0.8.2.1,2014-03-07 02:42:59+00:00,2015-10-12 20:09:56+00:00,584.7270486111111,10.5,-91.37931034482759,1,7,5,1,0,0,0.01795709643489285,121.8,677,170109,0.8386938419091492,0.689209150065871,0.36484490398818314,68,251.26883308714918,1248.9936799507313,111.0,6.460856720827179,105,224,0.041025641025641026,0.2938118166492299,5,32,0.6952380952380952,4.266666666666667,0.08876057782938378,0.6750850340136054,0.0,0.38022813688212925,25,27,0.01651497271317409,-0.051130255437077166,0.23809523809523808,1.1578051701354724,1532.5135135135135,2.1333333333333333,7,2013-10-23 06:14:08+00:00,-111.3
0.8.2.2,2015-05-28 17:16:42+00:00,2016-07-15 17:13:26+00:00,413.9977314814815,5.0,-52.38095238095239,1,5,5,0,0,0,0.012077360864050181,10.5,1257,297174,0.8358125641126257,0.7530921809931423,0.36992840095465396,126,236.41527446300717,2204.305003744425,179.0,6.105807478122514,154,366,0.03106697224344283,0.2995583891272842,6,49,0.6883116883116883,4.753246753246753,0.16594928360947692,0.7096196153573202,0.0,0.1752988047808765,101,52,-0.009958668782198195,0.03453458134371479,0.6558441558441559,3.0362485212222157,1660.1899441340781,2.3766233766233764,5,2015-05-12 17:27:55+00:00,-5.5
0.8.2.0,2013-05-31 05:18:20+00:00,2017-01-26 03:10:54+00:00,1335.9115046296297,288.55,5671.0,0,240,160,47,7,3,0.21599484621550444,5.0,2540,607311,0.832267564477498,0.7777728451599337,0.37480314960629924,254,239.09881889763778,1776.5290636660748,337.0,6.197244094488189,291,625,0.01481218153809693,0.28321687005692764,6,100,0.6563573883161512,4.29553264604811,0.12248616538769769,0.7483106529209622,0.0,0.44040697674418605,137,0,-0.016254790705345898,0.038691037563642006,0.47079037800687284,1.9013235466552807,1802.1097922848664,2.147766323024055,240,2011-10-31 22:15:53+00:00,283.55
0.9.0.0,2014-02-09 23:58:44+00:00,2017-01-26 03:21:53+00:00,1081.141076388889,557.95,93.36336856697281,0,549,304,85,5,14,0.5160751100713004,288.55,2347,552052,0.8290520176663672,0.7722284033642628,0.37111205794631447,235,235.2160204516404,1782.0041801344066,319.0,6.213037920749893,277,609,0.015931564903468844,0.2818171389569457,6,93,0.6642599277978339,4.397111913357401,0.16112206851460512,0.7451820763161483,0.0,0.940251572327044,0,14,0.0011193833653719131,-0.003128576604813915,0.0,2.1708545269958632,1730.5705329153604,2.1985559566787005,549,2011-08-12 13:55:07+00:00,269.40000000000003
0.10.1.1,2016-10-12 23:30:10+00:00,2017-02-08 19:41:16+00:00,118.84104166666667,32.0,-94.26471906084774,1,30,26,3,0,0,0.2692672459886017,557.95,388,114210,0.7986387437863152,0.6284066550984995,0.3427835051546392,39,294.3556701030928,1900.3581835354723,101.0,8.04896907216495,90,145,0.03620474406991261,0.3057866067866068,5,25,0.7333333333333333,3.2222222222222223,0.29332327881370146,0.6558620689655172,0.0,0.12369597615499255,6,193,0.020273179166443764,-0.08932000735063106,0.06666666666666667,3.2648653576117956,1130.7920792079208,1.6111111111111112,30,2016-07-26 19:33:02+00:00,-525.95
0.10.2.1,2017-02-22 20:43:19+00:00,2017-07-10 16:01:33+00:00,137.8043287037037,36.0,12.5,0,30,27,1,0,0,0.2612399794596035,32.0,654,185216,0.794515328429166,0.7079662094649832,0.3241590214067278,66,283.20489296636083,2387.607287076389,101.0,8.180428134556575,89,258,0.0658835546475996,0.4227669396551263,5,16,0.8314606741573034,5.797752808988764,0.1796011458801343,0.6235955056179776,0.0,0.06613756613756613,56,57,0.02967881057768699,-0.032266563347539634,0.6292134831460674,4.745859626849463,1833.8217821782177,2.898876404494382,30,2016-09-20 12:59:03+00:00,4.0
0.9.0.1,2015-11-08 19:30:34+00:00,2017-11-06 17:47:08+00:00,728.9281712962963,76.0,111.11111111111111,0,70,47,19,1,0,0.10426267359765322,36.0,2745,643106,0.7991938497341657,0.7927273285442378,0.3610200364298725,275,234.28269581056466,1698.1260979026397,356.0,6.80728597449909,303,711,0.01553996459248574,0.340098092749297,5,87,0.7161716171617162,4.693069306930693,0.14722601252863776,0.7345253512693042,0.0,0.2423076923076923,214,0,-0.05034359005511386,0.11092984565132658,0.7062706270627063,3.7658031450731326,1806.4775280898875,2.3465346534653464,70,2014-03-25 19:54:14+00:00,40.0
0.10.0.0,2015-10-03 03:08:51+00:00,2017-12-12 17:03:00+00:00,801.5792708333333,441.99999999999994,481.578947368421,0,418,195,94,4,8,0.5514114649453078,76.0,3002,752736,0.804122507793767,0.8004447485460144,0.3587608261159227,301,250.744836775483,2030.1900017038045,370.0,6.960692871419054,315,773,0.015630371044383782,0.341197354463356,5,92,0.7111111111111111,4.907936507936508,0.15425641317879207,0.7373252017495227,0.0,0.8141809290953546,12,0,9.040645189804276e-05,0.0027998504802184687,0.0380952380952381,3.745106827524466,2034.4216216216216,2.453968253968254,418,2013-01-22 23:16:57+00:00,365.99999999999994
0.11.0.2,2017-08-18 17:14:52+00:00,2018-01-29 20:25:11+00:00,164.13216435185186,25.75,-94.17420814479638,1,18,16,1,0,0,0.15688576399199522,441.99999999999994,568,159795,0.7768707287373919,0.683039412948278,0.36795774647887325,57,281.3292253521127,1621.4821944030512,119.0,7.52112676056338,108,195,0.03374870197300104,0.28323219393368476,6,38,0.6574074074074074,3.611111111111111,0.14563323749287152,0.6958214624881291,0.0,0.1388235294117647,27,234,0.018118330928617258,-0.0415037392613935,0.25,3.4606257843671178,1342.81512605042,1.8055555555555556,18,2017-04-28 03:56:55+00:00,-416.24999999999994
0.10.0.1,2016-05-16 13:37:31+00:00,2018-02-09 16:24:00+00:00,634.115613425926,64.85,151.84466019417474,0,56,41,11,0,0,0.10226841703145577,25.75,2296,604352,0.796436810736969,0.7782648703977502,0.35365853658536583,229,263.219512195122,1813.1801794539801,337.0,7.206010452961673,288,644,0.015582655826558265,0.3250131515738779,5,89,0.6944444444444444,4.472222222222222,0.1283038674954113,0.7374212819185644,0.0,0.20545977011494254,180,0,-0.018166046146442773,0.041599819430435225,0.625,3.6207908327559366,1793.3293768545993,2.236111111111111,56,2016-02-01 22:25:51+00:00,39.099999999999994
0.10.2.0,2016-09-20 06:18:12+00:00,2018-03-16 18:57:34+00:00,542.527337962963,246.05,279.414032382421,0,224,128,58,4,7,0.4535255327848516,64.85,2085,560642,0.7893728547258048,0.7785094400049992,0.3462829736211031,209,268.89304556354915,1865.8060567155064,307.0,7.364028776978417,267,587,0.016530089268114105,0.31732687122798625,5,88,0.6741573033707865,4.397003745318352,0.11239223121545368,0.7476408322646095,0.0,0.6545698924731183,23,44,0.0009474334415558398,0.010219550346045159,0.08614232209737828,3.8431243074839077,1826.1954397394136,2.198501872659176,224,2015-03-03 20:06:56+00:00,181.20000000000002
0.10.2.2,2017-04-12 12:05:15+00:00,2018-06-17 06:28:36+00:00,430.7662152777778,33.05,-86.56777077829709,1,30,26,4,0,0,0.07672375137100258,246.05,1748,484354,0.7775357540798238,0.7537603675798881,0.34725400457665906,175,277.0903890160183,1728.5923902736367,253.0,6.962814645308924,230,542,0.020580975887602052,0.33123434251540246,5,77,0.6695652173913044,4.71304347826087,0.1186838282597565,0.725701909193005,0.0,0.46433203631647213,38,75,0.004050886619487947,-0.0219389230716045,0.16521739130434782,4.057885549062406,1914.4426877470355,2.356521739130435,30,2017-03-01 18:32:01+00:00,-213.0
0.11.0.3,2017-11-22 17:55:05+00:00,2018-06-17 06:28:36+00:00,206.52327546296297,35.25,6.6565809379727785,0,28,23,3,0,1,0.1706829408016124,33.05,729,208854,0.7884031537024643,0.652355381578507,0.35939643347050754,71,286.4938271604938,1629.100967315322,164.0,6.869684499314129,152,241,0.021000348553502964,0.283033131321994,6,58,0.625,3.1710526315789473,0.16375690747930796,0.6978870932518018,0.0,0.36649214659685864,0,78,0.000419372665900912,-0.027814815941203275,0.0,3.5298684778546225,1273.5,1.5855263157894737,28,2017-02-15 12:09:59+00:00,2.200000000000003
1.0.2,2017-12-14 17:52:13+00:00,2018-06-28 04:25:51+00:00,195.44002314814816,35.25,0.0,0,27,21,3,0,2,0.18036223815466737,35.25,727,217604,0.8043198215746044,0.6542506793706175,0.36176066024759285,73,299.3177441540578,2036.3138183794995,164.0,7.039889958734525,151,240,0.02119205298013245,0.2881665596663649,6,58,0.6225165562913907,3.1788079470198674,0.1586261684650095,0.7040011037527594,0.0,0.7490909090909091,2,3,0.00019170442662948609,0.006114010500957612,0.013245033112582781,3.719811266338813,1326.8536585365853,1.5894039735099337,27,2017-09-29 19:27:04+00:00,0.0
0.10.1.2,2017-01-05 11:09:28+00:00,2018-10-05 03:37:50+00:00,637.6863657407407,11.25,-68.08510638297872,1,9,8,1,0,0,0.017641901417998682,35.25,2488,704340,0.7871446183866733,0.7764084172073289,0.34766881028938906,249,283.09485530546624,1921.4781457796846,338.0,7.64911575562701,298,718,0.016224888708110185,0.3193083608619993,5,95,0.6812080536912751,4.818791946308725,0.1214374319619076,0.7382129704062366,0.0,0.2588699080157687,147,0,-0.004967164272022265,0.034211866653477196,0.49328859060402686,3.901604509153842,2083.846153846154,2.4093959731543624,9,2016-12-12 16:30:22+00:00,-24.0
0.9.0.2,2016-02-16 19:41:43+00:00,2018-10-05 03:37:50+00:00,961.3306365740741,10.5,-6.666666666666667,0,10,9,1,0,0,0.010922360736800397,11.25,3499,890049,0.7937883877535257,0.7875275468732883,0.354101171763361,349,254.372392112032,1758.2695891812427,467.0,7.03972563589597,407,951,0.011510390820735648,0.310679140136438,6,129,0.683046683046683,4.673218673218673,0.1341490469194263,0.7489284523984838,0.0,0.5910390848427073,109,0,-0.0047144978873745365,0.010715481992247256,0.2678132678132678,3.639746687434723,1905.8865096359743,2.3366093366093366,10,2015-03-26 19:43:52+00:00,-0.75
0.11.0.4,2018-07-27 00:59:18+00:00,2018-11-30 19:32:41+00:00,126.77318287037038,8.25,-21.428571428571427,1,7,6,1,0,0,0.06507685468807617,10.5,384,80574,0.7508835046044628,0.606983418367347,0.3723958333333333,39,209.828125,1059.25131785093,98.0,7.432291666666667,86,132,0.036114911080711354,0.23001150068895268,6,25,0.7093023255813954,3.0697674418604652,0.2226320807634385,0.6129316420014095,0.0,0.05555555555555555,19,340,0.024604520259975705,-0.13599681039707434,0.22093023255813954,3.029031781845,822.1836734693877,1.5348837209302326,7,2018-05-18 00:01:29+00:00,-2.25
0.10.0.2,2016-08-18 22:29:00+00:00,2018-11-30 19:32:41+00:00,833.8775578703704,14.5,75.75757575757575,0,15,12,3,0,0,0.017388644007918105,8.25,3060,821034,0.7905994172723472,0.7849951328048952,0.35490196078431374,306,268.31176470588235,1818.6888997244969,423.0,7.377777777777778,369,869,0.012798986685519029,0.3201715536706828,6,112,0.6991869918699187,4.710027100271002,0.1297834283312157,0.7430183277667071,0.0,0.11098779134295228,283,0,-0.023315924395192325,0.13008668576529758,0.7669376693766937,3.6696034940847864,1940.9787234042553,2.355013550135501,15,2016-08-11 23:27:23+00:00,6.25
0.11.0.1,2017-04-07 18:54:24+00:00,2019-03-30 00:30:31+00:00,721.2334143518518,63.5,337.9310344827586,0,57,46,4,0,0,0.08804361907866583,14.5,2625,683551,0.7802971516181152,0.7708587345801832,0.3535238095238095,263,260.40038095238094,1660.7163407627213,359.0,6.844190476190477,319,723,0.014254450819187319,0.2958926878373129,6,114,0.64576802507837,4.532915360501567,0.10570690984649535,0.7483361299357867,0.0,0.5531707317073171,35,85,0.00145546413366829,0.005317802169079622,0.109717868338558,3.6395984264802803,1904.041782729805,2.2664576802507836,57,2015-04-08 04:42:56+00:00,49.0
2.2.1,2019-03-07 08:12:23+00:00,2019-05-30 19:05:16+00:00,84.4533912037037,58.75,-7.480314960629922,0,47,42,4,0,0,0.6956499811629059,63.5,324,84930,0.7786737952678531,0.5752171925011431,0.345679012345679,33,262.1296296296296,1507.100979516087,81.0,6.055555555555555,72,103,0.04029733959311424,0.2561286253688214,6,25,0.6666666666666666,2.861111111111111,0.15510028424515346,0.632955771305286,0.0,0.03768844221105527,19,266,0.026042888773926923,-0.11538035863050067,0.2638888888888889,3.8364356407962807,1048.5185185185185,1.4305555555555556,47,2017-04-28 17:39:43+00:00,-4.75
0.8.1.2,2014-06-10 21:56:46+00:00,2019-06-11 16:46:49+00:00,1826.7847569444446,9.95,-83.06382978723403,1,8,6,2,0,0,0.005446728172093344,58.75,5383,1359295,0.8035695753231709,0.8032135130735298,0.3589076723016905,537,252.51625487646294,1788.704698245428,663.0,6.783949470555452,577,1372,0.00825630656653187,0.2908014802100173,6,204,0.6464471403812825,4.755632582322357,0.08925396718045712,0.7749215556487512,0.0,0.043878273177636234,505,0,-0.03204103302658237,0.14196578434346518,0.8752166377816292,2.946707311595827,2050.2187028657618,2.3778162911611784,8,2014-04-10 01:00:37+00:00,-48.8
0.10.2.3,2018-10-05 03:37:50+00:00,2019-07-31 09:26:14+00:00,299.24194444444447,3.5,-64.82412060301506,1,3,2,1,0,0,0.01169622128508054,9.95,941,220080,0.7704256031330121,0.683036588913494,0.36238044633368754,94,233.8788522848034,1221.2185237056349,179.0,6.246546227417641,155,255,0.0213657310431504,0.24551471552190776,5,64,0.5935483870967742,3.2903225806451615,0.097022436818902,0.7291081593927895,0.0,0.11133879781420765,15,437,0.013109424476618529,-0.0458133962559617,0.0967741935483871,3.144612636931654,1229.4972067039107,1.6451612903225807,3,2018-10-02 23:48:03+00:00,-6.449999999999999
2.4.1,2019-11-14 21:17:29+00:00,2020-03-09 13:38:51+00:00,115.68150462962963,47.5,1257.142857142857,0,40,37,3,0,0,0.4106101502749107,3.5,380,103541,0.7758647604127327,0.5587622903412377,0.3263157894736842,38,272.4763157894737,2020.541063437836,91.0,5.7368421052631575,79,130,0.04219409282700422,0.3273545309658489,7,22,0.6835443037974683,3.2911392405063293,0.15744330567301712,0.6112950340798442,0.0,0.0547945205479452,39,115,0.02082836178385382,-0.1178131253129453,0.4936708860759494,3.2848812021992857,1137.8131868131868,1.6455696202531647,40,2017-11-23 14:37:11+00:00,44.0
2.3.1,2019-06-13 07:04:57+00:00,2020-03-11 20:57:18+00:00,272.5780208333333,58.95,24.105263157894743,0,50,47,2,1,0,0.21626835435878644,47.5,880,252426,0.7734224629648436,0.6755995538204127,0.3375,88,286.8477272727273,1932.6168651257344,163.0,6.721590909090909,140,276,0.028365878725590956,0.29797365641828294,7,47,0.6571428571428571,3.942857142857143,0.10307843970329303,0.6935041407867495,0.0,0.3054662379421222,61,0,-0.013828214101413262,0.08220910670690529,0.4357142857142857,3.2284334492914684,1548.6257668711658,1.9714285714285715,50,2017-09-25 19:28:07+00:00,11.450000000000003
2.2.3,2019-09-11 21:24:54+00:00,2020-10-06 01:20:20+00:00,390.16349537037036,39.25,-33.41815097540289,1,36,32,2,0,0,0.10059885270081756,58.95,1452,399006,0.7830499873452748,0.7307036166502388,0.3106060606060606,145,274.797520661157,2024.671812760379,218.0,6.373278236914601,195,415,0.021940259053661114,0.3128469518277274,7,70,0.6410256410256411,4.256410256410256,0.06669154204080341,0.7188507877664505,0.0,0.30377358490566037,83,28,-0.006425619671929842,0.025346646979701015,0.4256410256410256,3.7215167929066775,1830.302752293578,2.128205128205128,36,2014-10-18 13:44:09+00:00,-19.700000000000003
2.5.1,2020-02-18 18:13:40+00:00,2020-11-05 12:12:30+00:00,260.7491898148148,76.45,94.77707006369428,0,72,60,9,0,1,0.29319362431881424,39.25,1048,265080,0.788072418293426,0.6956832890806506,0.3187022900763359,105,252.93893129770993,1757.8550358230516,184.0,6.134541984732825,167,294,0.02121059086645985,0.2565109211304571,6,63,0.6287425149700598,3.5209580838323356,0.09605436888692982,0.7180129536844679,0.0,0.3530534351145038,19,47,-0.0007296681872012642,-0.0008378340819825691,0.11377245508982035,4.019187943572496,1440.6521739130435,1.7604790419161678,72,2018-03-13 17:10:33+00:00,37.2
2.6.1,2020-07-15 21:24:02+00:00,2021-03-09 18:35:28+00:00,236.88293981481482,50.0,-34.59777632439503,1,41,37,3,0,0,0.21107471918023268,76.45,912,271355,0.7941211333182692,0.6807607468964809,0.3706140350877193,92,297.53837719298247,2014.5982555997134,171.0,7.891447368421052,154,302,0.025634496222731517,0.22516650158565077,6,72,0.538961038961039,3.9220779220779223,0.07576344713448711,0.7559774662423668,0.0,0.2163265306122449,48,61,0.004423905356271667,0.0379645125578989,0.3116883116883117,3.8500028778474444,1586.8713450292398,1.9610389610389611,41,2019-03-03 05:55:07+00:00,-26.450000000000003
2.3.0,2019-02-02 20:39:40+00:00,2021-06-01 18:33:33+00:00,849.9124189814814,213.10000000000002,326.20000000000005,0,172,95,51,7,4,0.2507317168695746,50.0,3222,872762,0.7790370717610673,0.7794188491019913,0.35567970204841715,323,270.8758535071384,1787.003067829086,393.0,6.803538175046555,343,791,0.01348609619286311,0.2889866568419826,6,135,0.60932944606414,4.612244897959184,0.04869147307289973,0.7726868966839038,0.0,0.23922902494331066,189,0,-0.012148400029868407,0.016709430441536943,0.5510204081632653,3.7909788444569177,2220.7684478371502,2.306122448979592,172,2016-01-24 20:19:09+00:00,163.10000000000002
2.6.3,2020-11-23 09:07:51+00:00,2021-08-27 20:23:23+00:00,277.4691203703704,11.75,-94.48615673392773,1,12,9,1,0,1,0.04234705463554252,213.10000000000002,1169,334808,0.7740669376198943,0.7091152234410023,0.38751069289991447,117,286.4054747647562,1898.0442035925794,158.0,7.757912745936698,140,350,0.03597122302158273,0.2797308495235192,6,50,0.65,5.0,0.06054950737662088,0.6985510204081633,0.0,0.16905737704918034,22,225,0.022485126828719622,-0.07413587627574048,0.15714285714285714,4.213081435655252,2119.0379746835442,2.5,12,2020-11-02 22:27:55+00:00,-201.35000000000002
2.7.2,2020-11-23 09:07:51+00:00,2021-09-08 08:47:03+00:00,288.98555555555555,30.75,161.70212765957444,0,27,22,2,0,2,0.10640670237266761,11.75,1195,339658,0.7733782918387684,0.7110266353709562,0.3882845188284519,120,284.2326359832636,1871.3334997919178,164.0,7.743096234309624,146,351,0.033160132262635804,0.26806490156472174,6,55,0.6301369863013698,4.808219178082192,0.06276492160928993,0.7099090660734495,0.0,0.9971509971509972,6,0,-0.0028110907589469283,0.011358045665286198,0.0410958904109589,4.1351547751329365,2071.0853658536585,2.404109589041096,27,2019-06-19 01:35:13+00:00,19.0
2.8.1,2021-02-26 01:03:10+00:00,2021-09-08 09:18:09+00:00,194.34373842592592,64.25,108.9430894308943,0,49,40,4,1,3,0.3305997945721769,30.75,770,206017,0.7648169937306271,0.6562211981566821,0.36623376623376624,77,267.55454545454546,1717.7322166694414,124.0,6.890909090909091,111,217,0.03554463554463554,0.25198800539357813,7,40,0.6486486486486487,3.90990990990991,0.0784373856093498,0.6619753393946943,0.0,0.3819951338199513,0,35,0.002384503281999739,-0.04793372667875517,0.0,3.962052012771615,1661.4274193548388,1.954954954954955,49,2019-06-19 01:35:13+00:00,33.5
2.0.1,2018-07-25 05:00:29+00:00,2022-02-13 09:47:04+00:00,1299.1990162037036,57.0,-11.284046692607005,1,53,43,8,0,1,0.04387318593155621,64.25,4451,1185296,0.776856287914838,0.7943898704883396,0.3491350258368906,445,266.2988092563469,1685.131398299773,539.0,6.820040440350483,471,1033,0.009332791254460857,0.2585731189527062,6,199,0.5796178343949044,4.386411889596603,0.08257800228003719,0.7922424122842173,0.0,0.15207373271889402,360,0,-0.026211844290174688,0.130267072889523,0.7643312101910829,3.4259570277430997,2199.064935064935,2.1932059447983017,53,2017-03-25 15:08:14+00:00,-7.25
1.1.1,2018-03-15 21:44:45+00:00,2022-02-13 09:49:01+00:00,1430.502962962963,55.45,-2.71929824561403,0,47,40,4,0,3,0.03876259010687254,57.0,4933,1333871,0.7804228237888271,0.7990170180242537,0.35110480437867425,494,270.39752685992295,1734.2200880937103,579.0,6.89864180012163,508,1157,0.00898445386634363,0.2677229085957454,6,212,0.5846456692913385,4.55511811023622,0.08127533487572387,0.7911684440482105,0.0,0.7450199203187251,37,0,-0.0003483373881172265,-0.001073968236006806,0.07283464566929133,3.4484374571181644,2303.7495682210706,2.27755905511811,47,2017-09-13 06:16:04+00:00,-1.5499999999999972
2.1.0,2018-06-07 04:09:50+00:00,2022-03-14 22:51:42+00:00,1376.779074074074,211.7,281.785392245266,0,192,105,69,1,8,0.1537646845354435,55.45,4708,1247845,0.7782503494818611,0.7968555107648367,0.35067969413763805,471,265.04779099405266,1715.9039172203056,564.0,6.796304163126593,494,1098,0.009016925212078409,0.260971231735465,6,206,0.5850202429149798,4.445344129554656,0.08377786585830346,0.7904821427254558,0.0,0.7741935483870968,11,25,3.247134573477854e-05,-0.0006863013227547121,0.022267206477732792,3.419575506815626,2212.491134751773,2.222672064777328,192,2014-04-24 18:50:15+00:00,156.25
1.0.0,2017-06-07 18:47:04+00:00,2022-03-14 22:51:42+00:00,1741.1698842592593,306.45,44.756731223429384,0,289,144,67,8,3,0.17600235495135047,211.7,6081,1615667,0.7795473329830205,0.8058451229459893,0.3507646768623582,607,265.6910047689525,1688.253985676582,706.0,6.804801841802335,622,1414,0.007321455385204861,0.26999750639853953,6,260,0.5836012861736335,4.546623794212219,0.08648220435353766,0.7965157792765956,0.0,0.6354166666666666,128,0,-0.0016954698268735477,0.006033636551139754,0.2057877813504823,3.4924794271795148,2288.4801699716713,2.2733118971061095,289,2014-08-14 01:43:31+00:00,94.75
1.0.1,2017-10-19 14:44:22+00:00,2022-03-14 22:51:42+00:00,1607.338425925926,57.95,-81.0899004731604,1,53,41,9,0,0,0.03605339054008942,306.45,5479,1463787,0.7805771034555329,0.8004299243576483,0.3522540609600292,548,267.1631684613981,1701.4148544025495,657.0,6.792662894688812,579,1274,0.0076136519831949846,0.2583692163273586,6,244,0.5803108808290155,4.400690846286701,0.06692834684459222,0.7953991481008504,0.0,0.8323108384458078,0,43,0.00029219659799012334,-0.0011166311757451197,0.0,3.4087407552916296,2227.986301369863,2.2003454231433506,53,2016-10-06 16:51:33+00:00,-248.5
2.0.0,2018-01-31 10:21:53+00:00,2022-03-14 22:51:42+00:00,1503.5207060185185,295.24999999999994,409.4909404659188,0,256,130,87,4,17,0.19637242029200455,57.95,5195,1384848,0.7799424820146417,0.7994332840314016,0.351106833493744,520,266.57324350336864,1707.9911113442422,626.0,6.802117420596727,550,1202,0.007961583043550257,0.25973844087481457,6,235,0.5745454545454546,4.370909090909091,0.06434407252510771,0.7975873544093179,0.0,0.8099415204678363,0,29,0.0003479310603552721,0.0021882063084674996,0.0,3.455223449337727,2212.2172523961663,2.1854545454545455,256,2015-01-23 18:28:46+00:00,237.29999999999995
2.2.0,2018-10-03 07:14:09+00:00,2022-03-14 22:51:42+00:00,1258.651076388889,183.8,-37.747671464860275,1,162,90,56,0,5,0.14602935114259644,295.24999999999994,4322,1152705,0.7777697693998848,0.792977458780679,0.34983803794539564,433,266.7063859324387,1695.557644780416,527.0,6.76376677464137,461,992,0.009355842686032255,0.2559780060059124,6,203,0.561822125813449,4.303687635574837,0.06905470267035461,0.7974249527674762,0.0,0.6459114778694673,0,89,0.0013942596424819983,-0.00016240164184178063,0.0,3.4338349055402704,2187.296015180266,2.1518438177874186,162,2013-11-05 18:23:45+00:00,-111.44999999999993
2.1.1,2018-10-26 13:50:37+00:00,2022-03-14 22:51:42+00:00,1235.375752314815,52.05,-71.68117519042437,1,48,38,8,0,1,0.04213292992230911,183.8,4236,1136145,0.7774001953103256,0.7922477137111579,0.3496222851746931,424,268.2117563739377,1704.4696947378143,517.0,6.768885741265344,452,961,0.009428408845633106,0.2537575163336869,6,200,0.5597345132743363,4.252212389380531,0.03706160513978134,0.7977724162699253,0.0,0.7983425414364641,0,9,7.256615960085123e-05,0.00034746350244918567,0.0,3.428916256501468,2197.5725338491297,2.1261061946902653,48,2016-06-13 16:51:49+00:00,-131.75
3.0.1,2021-07-21 13:46:11+00:00,2022-08-05 21:20:13+00:00,380.31530092592595,38.5,-26.0326609029779,1,30,26,2,0,1,0.10123179347837664,52.05,961,239128,0.7719377282377795,0.65900944933203,0.3298647242455775,96,248.8324661810614,1118.405733706864,198.0,6.132154006243496,175,228,0.01497536945812808,0.17946810086075898,6,89,0.4857142857142857,2.605714285714286,0.04123529697254426,0.7496491228070175,0.0,0.0760180995475113,50,327,0.005546960612494973,-0.04812329346290789,0.2857142857142857,2.5268507411096093,1207.7171717171718,1.302857142857143,30,2019-07-12 07:53:10+00:00,-13.549999999999997
3.2.1,2022-05-04 17:54:59+00:00,2022-09-16 02:12:48+00:00,134.3457060185185,23.0,-40.25974025974026,1,16,14,2,0,0,0.17120011261714332,38.5,396,96043,0.744419850031399,0.6027602760276027,0.32323232323232326,40,242.5328282828283,1111.6715060018275,101.0,6.0,84,114,0.03270223752151463,0.2304394485066754,6,38,0.5357142857142857,2.7142857142857144,0.06451842573733296,0.6859857978279031,0.0,0.20848056537102475,10,101,0.017726868063386553,-0.06366332497911431,0.11904761904761904,2.9476193302777722,950.9207920792079,1.3571428571428572,16,2021-11-24 03:32:26+00:00,-15.5
3.1.2,2022-07-01 04:09:13+00:00,2022-09-19 16:16:34+00:00,80.50510416666667,5.0,-78.26086956521739,1,5,5,0,0,0,0.06210786324366079,23.0,229,39437,0.6849788502429335,0.5379576755122608,0.29694323144104806,23,172.21397379912665,648.3328742023855,78.0,5.3755458515283845,64,58,0.028769841269841268,0.2030048076923077,6,32,0.515625,1.8125,0.10756345548972276,0.6953125,0.0,0.30303030303030304,0,20,-0.003932396251673364,0.009326702172096857,0.0,2.8445401365596643,505.6025641025641,0.90625,5,2022-06-30 22:06:00+00:00,-18.0
3.2.3,2022-08-03 18:01:09+00:00,2022-09-19 16:16:34+00:00,46.92737268518518,10.0,100.0,0,8,8,0,0,0,0.21309524543565522,5.0,141,23516,0.6853200295799813,0.508901432913591,0.2978723404255319,14,166.78014184397162,572.7039960657115,49.0,5.51063829787234,40,38,0.04871794871794872,0.2862770562770563,4,22,0.475,1.9,0.08132510764089709,0.7078947368421054,0.0,0.3150684931506849,0,24,0.01994810744810745,0.012582236842105354,0.0,3.0046429606427387,479.9183673469388,0.95,8,2022-07-10 00:01:55+00:00,5.0
3.3.1,2022-09-28 20:40:33+00:00,2022-09-29 18:20:44+00:00,0.9029050925925926,5.0,-50.0,1,3,3,0,0,0,5.537680583507455,10.0,5,458,0.5336244541484716,0.26666666666666683,0.4,1,91.6,108.89444430272832,3.0,2.8,3,0,0.0,0.0,0,3,0.3333333333333333,0.0,0.0,0.0,0.0,0.0,2,39,-0.04871794871794872,-0.7078947368421054,0.6666666666666666,5.537680583507455,152.66666666666666,0.0,3,2022-09-23 19:29:48+00:00,-5.0
3.3.2,2022-09-20 07:23:59+00:00,2023-02-21 07:30:18+00:00,154.00438657407406,34.75,595.0,0,30,26,3,0,1,0.22564292338053443,5.0,452,116110,0.7213629050267407,0.5957149510945505,0.3407079646017699,46,256.8805309734513,1018.6830492546294,114.0,7.292035398230088,98,109,0.022932884494003786,0.17580395794681508,8,52,0.46938775510204084,2.2244897959183674,0.09036043739462479,0.7424639580602885,0.0,0.0,95,0,0.022932884494003786,0.7424639580602885,0.9693877551020408,2.9349813343309803,1018.5087719298245,1.1122448979591837,30,2022-01-10 19:17:12+00:00,29.75
0.11.0.0,2017-01-12 08:38:15+00:00,2023-02-22 22:56:50+00:00,2232.596238425926,427.90000000000003,1131.3669064748203,0,419,224,59,11,4,0.1916602709595567,34.75,7798,2087959,0.7776854284175063,0.8138050602978879,0.3473967684021544,779,267.7557065914337,1683.1935248507068,887.0,6.9705052577584,769,1793,0.006071873645426961,0.2639532054471484,6,320,0.5851755526657998,4.663198959687906,0.09052078151631354,0.8042140472593533,0.0,0.028664142779881017,671,0,-0.016861010848576826,0.06175008919906477,0.8725617685305592,3.492794561679418,2353.95603156708,2.331599479843953,419,2011-07-19 21:32:09+00:00,393.15000000000003
0.10.1.0,2016-04-30 00:28:09+00:00,2023-02-24 19:34:52+00:00,2491.7963310185187,247.2,-42.229492872166404,1,241,133,56,8,5,0.09920553976374036,427.90000000000003,8563,2237778,0.7814525336590143,0.8136987762428753,0.3498773794230994,857,261.33107555763166,1663.4796245307134,992.0,6.847366577134182,855,1955,0.005354917348014846,0.26651682467873244,6,349,0.5929824561403508,4.573099415204679,0.09135273373852293,0.8029428216748178,0.0,0.8291849682772084,86,0,-0.0007169562974121153,-0.001271225584535518,0.10058479532163743,3.436476686880699,2255.8245967741937,2.2865497076023393,241,2013-01-22 20:32:00+00:00,-180.70000000000005
2.1.2,2019-02-05 00:49:57+00:00,2023-04-03 19:33:20+00:00,1518.7801273148148,113.25,-54.18689320388349,1,95,84,8,0,0,0.07456642206678372,247.2,5160,1371432,0.770933231177904,0.7974074353272274,0.3434108527131783,516,265.78139534883724,1605.4843035741887,617.0,6.68953488372093,529,1141,0.008170075041530618,0.2461861271430966,6,240,0.5482041587901701,4.313799621928166,0.05919815016444329,0.8045938544274331,0.0,0.46313799621928164,11,337,0.002815157693515772,0.0016510327526153556,0.020793950850661626,3.3974634690031262,2222.742301458671,2.156899810964083,95,2014-10-18 13:44:09+00:00,-133.95
1.1.2,2018-05-09 00:08:36+00:00,2023-04-03 19:33:20+00:00,1790.8088425925926,78.25,-30.90507726269316,1,69,58,8,0,0,0.04369533930082442,113.25,6017,1592791,0.7729551508295851,0.8028962666043198,0.3468505899950141,602,264.71514043543294,1619.975051290405,708.0,6.782283529998338,609,1352,0.007302739607639789,0.24773399036831067,6,270,0.5582922824302134,4.440065681444992,0.059440159487479584,0.8037499635642871,0.0,0.7122252747252747,80,0,-0.000867335433890829,-0.0008438908631460684,0.13136288998357964,3.3599342693042877,2249.704802259887,2.220032840722496,69,2014-10-18 13:44:09+00:00,-35.0
1.0.3,2018-05-09 00:08:36+00:00,2023-04-03 19:33:20+00:00,1790.8088425925926,43.0,-45.04792332268371,1,39,35,3,0,0,0.024011496357002556,78.25,6017,1592791,0.7729551508295851,0.8028962666043198,0.3468505899950141,602,264.71514043543294,1619.975051290405,708.0,6.782283529998338,609,1352,0.007302739607639789,0.24773399036831067,6,270,0.5582922824302134,4.440065681444992,0.055731658272773967,0.8037499635642871,0.0,1.0,0,0,0.0,0.0,0.0,3.3599342693042877,2249.704802259887,2.220032840722496,39,2014-10-18 13:44:09+00:00,-35.25
2.3.2,2019-10-15 23:02:38+00:00,2023-04-03 19:33:20+00:00,1265.8546527777778,87.25,102.90697674418605,0,81,72,6,0,0,0.06892576474600741,43.0,4298,1137554,0.7702397061809709,0.7885233063591688,0.34201954397394135,429,264.67054443927407,1590.6269775395617,533.0,6.677059097254537,455,969,0.009381807619693082,0.2315393378023081,6,207,0.545054945054945,4.259340659340659,0.05085373280956532,0.7977432268453941,0.0,0.5199738048461034,0,154,0.002079068012053293,-0.006006736718892958,0.0,3.3953345200955853,2134.2476547842402,2.1296703296703297,81,2014-10-18 13:44:09+00:00,44.25
2.0.2,2018-10-26 13:50:37+00:00,2023-04-03 19:33:20+00:00,1620.2379976851853,104.5,19.770773638968482,0,94,81,9,0,1,0.06449669749092288,87.25,5418,1434154,0.7713647196050581,0.7991076198277312,0.3449612403100775,541,264.7017349575489,1587.9685751043125,653.0,6.70062753783684,559,1178,0.007553170343868018,0.23829675690551014,6,259,0.5384615384615384,4.214669051878354,0.04551152554045102,0.809668004045546,0.0,0.6046337817638266,104,0,-0.0018286372758250643,0.011924777200151837,0.18604651162790697,3.343953177089188,2196.2542113323125,2.107334525939177,94,2014-10-18 13:44:09+00:00,17.25
2.2.2,2019-05-16 14:09:43+00:00,2023-04-03 19:33:20+00:00,1418.2247337962963,48.0,-54.066985645933016,1,41,39,1,1,0,0.03384512965833973,104.5,4806,1291259,0.771432298762937,0.7941297604798125,0.3418643362463587,481,268.6764461090304,1638.8761042346546,582.0,6.759675405742821,498,1086,0.00877554483527672,0.2460608596479715,6,226,0.5461847389558233,4.36144578313253,0.05423258573139667,0.8018094477356941,0.0,0.7073906485671192,0,61,0.0012223744914087028,-0.007858556309851883,0.0,3.388743607041266,2218.6580756013745,2.180722891566265,41,2017-03-14 05:36:11+00:00,-56.5
3.0.3,2022-11-15 11:51:05+00:00,2023-04-25 11:54:36+00:00,161.00244212962963,8.5,-82.29166666666666,1,8,5,1,0,2,0.052794230246248706,48.0,585,169439,0.7186831677769419,0.6127364438839851,0.30256410256410254,59,289.63931623931626,1229.4328050831518,122.0,7.18974358974359,103,161,0.030649152865029505,0.20236350812412612,6,43,0.5825242718446602,3.1262135922330097,0.06709196632355463,0.6643550624133148,0.0,0.0703862660944206,8,403,0.021873608029752786,-0.1374543853223793,0.07766990291262135,3.6334852581241757,1388.844262295082,1.5631067961165048,8,2022-10-20 01:21:08+00:00,-39.5
3.4.1,2022-10-11 16:56:41+00:00,2023-08-02 16:52:39+00:00,294.99719907407405,67.0,688.2352941176471,0,60,44,9,0,5,0.22712080050352018,8.5,1037,295256,0.7346573428758709,0.6667298711711616,0.3201542912246866,104,284.72131147540983,1359.9674192661282,178.0,6.540983606557377,154,251,0.02130549189372719,0.18736412429609647,6,72,0.538961038961039,3.25974025974026,0.059609607507216576,0.7275314327107156,0.0,0.4507042253521127,51,0,-0.009343660971302317,0.06317637029740086,0.33116883116883117,3.515287613763439,1658.741573033708,1.62987012987013,60,2017-08-20 21:35:15+00:00,58.5
3.2.4,2022-11-15 11:51:05+00:00,2023-08-15 23:59:51+00:00,273.50608796296297,12.5,-81.34328358208955,1,12,9,1,0,2,0.04570282180224338,67.0,1020,300833,0.7338131546243198,0.663170868347339,0.3127450980392157,102,294.9343137254902,1422.0453914357872,175.0,6.6196078431372545,151,255,0.022516556291390728,0.19599876498554344,6,70,0.543046357615894,3.377483443708609,0.06622520134237239,0.7198805349954551,0.0,0.6428571428571429,8,11,0.0012110643976635388,-0.007650897715260507,0.052980132450331126,3.72935025906306,1719.0457142857142,1.6887417218543046,12,2022-10-20 01:21:08+00:00,-54.5
3.1.3,2022-11-15 11:51:05+00:00,2023-08-15 23:59:51+00:00,273.50608796296297,9.5,-24.0,1,9,6,1,0,2,0.03473414456970497,12.5,1020,300833,0.7338131546243198,0.663170868347339,0.3127450980392157,102,294.9343137254902,1422.0453914357872,175.0,6.6196078431372545,151,255,0.022516556291390728,0.19599876498554344,6,70,0.543046357615894,3.377483443708609,0.05588950375983902,0.7198805349954551,0.0,1.0,0,0,0.0,0.0,0.0,3.72935025906306,1719.0457142857142,1.6887417218543046,9,2022-10-20 01:21:08+00:00,-3.0
3.0.2,2022-03-15 20:17:09+00:00,2023-08-31 22:17:19+00:00,534.0834490740741,12.5,31.57894736842105,0,11,11,0,0,0,0.0234045822271237,9.5,1782,478451,0.7466965944751549,0.7114617382257284,0.3254769921436588,179,268.4910213243547,1279.9332754111485,274.0,6.3019079685746355,238,413,0.014643832216430876,0.19510818942923058,7,118,0.5042016806722689,3.4705882352941178,0.05027922502663644,0.7668626772742995,0.0,0.4182590233545648,87,0,-0.007872724074959852,0.04698214227884434,0.36554621848739494,3.3365572422987544,1746.1715328467153,1.7352941176470589,11,2021-06-02 08:59:15+00:00,3.0
3.1.1,2021-11-15 10:47:18+00:00,2023-08-31 22:17:19+00:00,654.4791782407408,34.0,172.0,0,32,25,5,0,0,0.05194970463597176,12.5,2067,548152,0.7490252157307047,0.7216841576420676,0.3284954039671021,206,265.19206579583937,1261.0696352469242,312.0,6.2583454281567485,269,471,0.013066637074848805,0.20404219797638634,6,132,0.5092936802973977,3.5018587360594795,0.053773187931745514,0.7724686066977642,0.0,0.604355716878403,31,0,-0.0015771951415820707,0.005605929423464717,0.11524163568773234,3.158236455369224,1756.8974358974358,1.7509293680297398,32,2019-07-12 07:53:10+00:00,21.5
2.7.3,2022-03-25 04:29:14+00:00,2023-08-31 22:17:19+00:00,524.741724537037,5.5,-83.82352941176471,1,3,2,1,0,0,0.010481346808951538,34.0,1743,469255,0.745252482797756,0.7112984699269689,0.32759609868043604,175,269.22260470453244,1283.504741037353,266.0,6.2730923694779115,228,402,0.01553443079063297,0.19106921048370834,7,113,0.5043859649122807,3.526315789473684,0.0549133784472549,0.7636052195164529,0.0,0.5872727272727273,0,41,0.0024677937157841657,-0.0088633871813113,0.0,3.3216340887277327,1764.1165413533834,1.763157894736842,3,2021-06-02 08:59:15+00:00,-28.5
2.8.2,2021-09-14 23:12:14+00:00,2023-08-31 22:17:19+00:00,715.9618634259259,17.5,218.18181818181816,0,13,13,0,0,0,0.02444264267968313,5.5,2171,582197,0.7520927927568688,0.7266821332634661,0.3247351450944265,217,268.1699677567941,1259.5946755481386,327.0,6.314601566098572,280,479,0.012263184843830006,0.19527222481491555,6,142,0.4928571428571429,3.4214285714285713,0.0561303043531747,0.778757828810021,0.0,0.5902527075812274,52,0,-0.003271245946802965,0.015152609293568098,0.18571428571428572,3.032284414719547,1780.4189602446484,1.7107142857142856,13,2021-01-30 00:38:01+00:00,12.0
3.3.3,2022-04-15 18:29:36+00:00,2023-09-08 02:09:44+00:00,510.31953703703704,49.8,184.57142857142856,0,47,34,7,0,4,0.09758591702983478,17.5,1710,472948,0.7433856457495642,0.7106811825347294,0.32280701754385965,171,276.5777777777778,1324.6337745400228,253.0,6.391812865497076,217,397,0.01693975081071855,0.196782552294214,7,106,0.511520737327189,3.6589861751152073,0.05708409346715953,0.7537173966035589,0.0,0.5504424778761062,1,64,0.0046765659668885455,-0.025040432206462127,0.004608294930875576,3.350841729337701,1869.3596837944665,1.8294930875576036,47,2017-08-20 21:35:15+00:00,32.3
3.5.2,2022-10-11 16:56:41+00:00,2023-11-16 10:15:41+00:00,400.7215277777778,43.599999999999994,-12.449799196787154,1,40,36,0,0,2,0.10880373770230434,49.8,1468,455738,0.7438366160307486,0.6882952256841606,0.3215258855585831,147,310.4482288828338,1577.6869632868968,230.0,6.643051771117166,205,366,0.017503586800573886,0.18077919721653737,6,93,0.5463414634146342,3.5707317073170732,0.04997696951392842,0.7407836865253898,0.0,0.4533333333333333,32,44,0.0005638359898553352,-0.012933710078169014,0.15609756097560976,3.6633919024537334,1981.4695652173914,1.7853658536585366,40,2021-08-12 15:26:51+00:00,-6.200000000000003
2.7.0,2020-06-03 16:36:22+00:00,2023-11-22 14:24:11+00:00,1266.9082060185185,211.9,386.0091743119267,0,202,89,60,5,8,0.1672575795099891,43.599999999999994,4305,1211065,0.7664651829541973,0.7785595079518188,0.3421602787456446,431,281.31591173054585,1594.666626581578,531.0,6.760046457607433,464,957,0.008909287257019439,0.2028779665761264,6,219,0.5280172413793104,4.125,0.031713923189983236,0.8032600079270709,0.0,0.2672413793103448,259,0,-0.008594299543554448,0.06247632140168102,0.5581896551724138,3.3980362425224304,2280.7250470809795,2.0625,202,2017-07-25 15:00:00+00:00,168.3
3.6.1,2023-09-18 09:10:48+00:00,2023-11-29 21:50:22+00:00,72.52747685185186,31.3,-85.22888154789995,1,29,22,2,0,4,0.4315605803292302,211.9,298,114801,0.7602384786185887,0.4616282462795447,0.3389261744966443,30,385.23825503355704,2192.8615554428616,92.0,6.922818791946309,86,118,0.03228454172366621,0.19096983867485703,5,31,0.5813953488372093,2.744186046511628,0.13287792894935746,0.6353961371698857,0.0,0.06541129831516353,1,379,0.02337525446664677,-0.16786387075718512,0.011627906976744186,4.10878763380545,1247.8369565217392,1.372093023255814,29,2022-06-09 06:56:05+00:00,-180.6
1.1.0,2017-10-05 08:58:38+00:00,2024-02-12 22:05:58+00:00,2321.546759259259,237.95000000000002,660.223642172524,0,231,144,43,4,1,0.10249632020158976,31.3,8078,2187209,0.7699366320942915,0.8072431158838687,0.34389700420896263,808,270.76120326813566,1641.2693819859426,910.0,6.628992324832879,795,1830,0.005798203507437859,0.2444446770748264,6,358,0.5484276729559748,4.60377358490566,0.06978488418865185,0.81151596384507,0.0,0.03727369542066028,709,0,-0.026486338216228353,0.17611982667518422,0.8918238993710692,3.47957669505544,2403.5263736263737,2.30188679245283,231,2013-09-06 01:32:28+00:00,206.65
2.5.0,2019-10-09 16:48:11+00:00,2024-02-12 22:32:27+00:00,1587.239074074074,234.55,-1.428871611683129,0,204,98,70,8,4,0.1477723197665268,237.95000000000002,5691,1554837,0.7632533108867148,0.7939953084894564,0.33684765419082763,568,273.2098049551924,1641.4036920959509,652.0,6.537515375153752,566,1307,0.008174114262484756,0.232869227358079,6,263,0.5318021201413428,4.618374558303887,0.03266507061917846,0.8058145727950341,0.0,0.5430398425971471,0,229,0.0023759107550468967,-0.0057013910500358644,0.0,3.585471207807734,2384.719325153374,2.3091872791519434,204,2014-10-06 17:29:26+00:00,-3.4000000000000057
3.6.2,2022-10-11 16:56:41+00:00,2024-03-27 19:31:37+00:00,533.1075925925926,33.0,-85.93050522276701,1,30,24,3,0,0,0.06190120054286866,234.55,2107,620573,0.7418423164039532,0.7084788382917426,0.3241575700047461,211,294.52918841955386,1626.7692883442696,285.0,6.365448504983389,258,534,0.01610713962537327,0.20619161051463392,6,117,0.5426356589147286,4.1395348837209305,0.06149686031963948,0.7605391516418429,0.0,0.28292682926829266,15,323,0.007933025362888514,-0.045275421153191164,0.05813953488372093,3.952297864964372,2177.4491228070174,2.0697674418604652,30,2020-11-13 17:17:13+00:00,-201.55
3.6.3,2024-04-22 11:51:20+00:00,2024-05-20 18:15:21+00:00,28.26667824074074,2.5,-92.42424242424242,1,3,2,0,0,0,0.08844336001238207,33.0,173,51408,0.7118911790792104,0.45068354894944496,0.4161849710982659,18,297.15606936416185,1761.0129951907707,63.0,7.618497109826589,58,85,0.0514216575922565,0.2222663830422451,6,22,0.5862068965517241,2.9310344827586206,0.11941535386084257,0.6204868154158216,0.0,0.011437908496732025,15,215,0.03531451796688323,-0.1400523362260213,0.25862068965517243,6.120280512856839,816.0,1.4655172413793103,3,2024-01-01 14:30:23+00:00,-30.5
2.4.2,2020-03-10 23:08:01+00:00,2024-06-25 11:08:17+00:00,1567.5001851851853,82.05,3182.0,0,79,65,9,0,2,0.05234449142365273,2.5,5980,1673303,0.7598160449071714,0.7877863743713427,0.34531772575250835,598,279.8165551839465,1738.8639667401683,667.0,7.092307692307692,587,1539,0.008948142635370455,0.23498224699216644,6,273,0.534923339011925,5.243611584327087,0.03171563393065357,0.8102929732685555,0.0,0.02654867256637168,529,0,-0.042473514956886047,0.18980615785273391,0.9011925042589438,3.814991574813447,2508.7001499250373,2.6218057921635434,79,2019-05-16 08:03:16+00:00,79.55
2.8.0,2020-10-09 21:26:06+00:00,2024-06-25 11:08:17+00:00,1354.5709606481482,227.75,177.57464960390007,0,207,96,62,3,9,0.16813441792006523,82.05,5131,1451285,0.7551892104848672,0.7761392885704879,0.3513934905476515,513,282.84642369908397,1716.8450817378066,580.0,7.190606119664783,505,1355,0.010647493320760648,0.23077821211675345,6,236,0.5326732673267327,5.366336633663367,0.03212352776051876,0.8049088451280553,0.0,0.7154712507409603,0,82,0.001699350685390193,-0.005384128140500266,0.0,3.7879152507040823,2502.2155172413795,2.6831683168316833,207,2017-02-08 23:38:39+00:00,145.7
2.5.2,2020-06-11 04:36:34+00:00,2024-06-25 11:08:17+00:00,1475.272025462963,47.5,-79.14379802414928,1,39,34,2,0,1,0.032197451846274774,227.75,5497,1560671,0.7592717790022627,0.7814122275034947,0.34746225213752957,550,283.91322539567034,1739.294902389308,617.0,7.174822630525742,541,1410,0.009652906140891353,0.2223729514743179,6,255,0.5286506469500925,5.212569316081331,0.04498212256711679,0.8104259251976245,0.0,0.7966211825860948,36,0,-0.0009945871798692947,0.005517080069569191,0.066543438077634,3.726092479978367,2529.45056726094,2.6062846580406656,39,2019-03-03 05:55:07+00:00,-180.25
2.7.1,2020-11-13 18:51:44+00:00,2024-06-25 11:08:17+00:00,1319.6781597222223,57.25,20.526315789473685,0,45,39,4,0,0,0.043381789399356656,47.5,5000,1420975,0.7535277486233045,0.7740280575539569,0.3504,500,284.195,1725.1374462839342,556.0,7.254,487,1335,0.011280959261794307,0.23526110345346515,6,225,0.5379876796714579,5.482546201232033,0.042580781480682096,0.8004814310653778,0.0,0.7801556420233463,0,54,0.0016280531209029534,-0.009944494132246628,0.0,3.788802567629402,2555.710431654676,2.7412731006160165,45,2020-05-19 08:18:46+00:00,9.75
2.6.2,2020-10-07 18:20:28+00:00,2024-06-25 11:08:17+00:00,1356.6998726851853,44.5,-22.270742358078603,1,36,30,4,0,0,0.03280017997784981,57.25,5147,1456205,0.7551093781913718,0.7761051878884506,0.3514668739071304,515,282.92306197785115,1716.5919558212447,582.0,7.203225179716339,508,1361,0.010568575377781919,0.23128876828168918,6,237,0.531496062992126,5.358267716535433,0.04908029223531318,0.8046972177706295,0.0,0.8106111484217595,21,0,-0.0007123838840123881,0.0042157867052516895,0.04133858267716536,3.793764636988606,2502.0704467353953,2.6791338582677167,36,2019-09-20 16:35:20+00:00,-12.75
3.7.1,2024-01-08 22:51:45+00:00,2024-07-29 06:15:15+00:00,202.30798611111112,71.75,61.23595505617978,0,64,47,3,0,4,0.3546572796221383,44.5,1164,352256,0.7517366070146423,0.6300932744231713,0.3711340206185567,117,302.6254295532646,2457.814550188613,189.0,9.2946735395189,174,545,0.0362102185901269,0.332455750639574,6,61,0.6436781609195402,6.264367816091954,0.11428041452661711,0.7109669935674363,0.0,0.2344559585492228,18,352,0.02564164321234498,-0.09373022420319321,0.10344827586206896,5.753603811570299,1863.7883597883597,3.132183908045977,64,2019-11-23 01:13:46+00:00,27.25
3.6.0,2023-04-13 00:06:02+00:00,2024-07-30 08:01:23+00:00,474.3301041666667,240.0,234.49477351916377,0,250,75,56,6,17,0.5059767404424969,71.75,2342,724174,0.7507358075407409,0.6894411956775477,0.3488471391972673,235,309.21178479931683,2157.156637665149,289.0,7.718189581554227,268,816,0.022807311755827602,0.27155559550302555,6,104,0.6119402985074627,6.08955223880597,0.05398428421171195,0.7451894937079309,0.0,0.43414120126448896,94,0,-0.013402906834299299,0.03422250014049455,0.35074626865671643,4.937489692151365,2505.7923875432525,3.044776119402985,250,2016-08-31 19:27:34+00:00,168.25
2.4.0,2019-05-20 18:25:56+00:00,2024-09-03 03:10:50+00:00,1932.364513888889,292.05,21.687500000000004,0,246,134,65,12,3,0.15113608115906071,240.0,7422,2089149,0.7628371380978027,0.7966990543242265,0.3453247103206683,743,281.4805982215036,1803.4303495505112,787.0,7.057935866343303,688,1898,0.00803121085948343,0.25034794978105573,6,307,0.5523255813953488,5.517441860465116,0.04747092697418165,0.8076900102923519,0.0,0.3395853899308983,420,0,-0.014776100896344173,0.06250051658442102,0.6104651162790697,3.8408902392143416,2654.5730622617534,2.758720930232558,246,2014-10-18 13:44:09+00:00,52.05000000000001
2.6.0,2020-02-04 01:03:19+00:00,2024-09-27 01:24:02+00:00,1697.014386574074,333.8,14.295497346344805,0,297,178,81,7,12,0.1966983913871668,292.05,6773,1924480,0.7644003179426164,0.7902997194743835,0.3472611841133914,678,284.1399675180865,1911.1566529501129,710.0,7.078399527535804,628,1765,0.008964942756427839,0.23401382024675738,6,282,0.5509554140127388,5.6210191082802545,0.03747676963779021,0.8047337651792641,0.0,0.7509560229445507,5,65,0.0009337318969444095,-0.0029562451130877854,0.007961783439490446,3.9911270367444,2710.5352112676055,2.8105095541401273,297,2016-05-17 23:49:53+00:00,41.75
3.8.1,2024-06-14 17:45:08+00:00,2024-10-17 15:52:08+00:00,124.92152777777778,23.0,-93.10964649490712,1,17,10,1,0,2,0.18411558367197184,333.8,888,292336,0.785449405435483,0.6434145413018653,0.3963963963963964,89,329.2072072072072,3258.5389880126913,142.0,8.789414414414415,128,386,0.04749015748031496,0.29122608056727634,6,43,0.671875,6.03125,0.0656652030605276,0.6641232189119171,0.0,0.09913132345426673,8,508,0.03852521472388712,-0.14061054626734704,0.0625,7.108462534813522,2058.7042253521126,3.015625,17,2024-06-13 22:55:49+00:00,-310.8
3.5.0,2022-12-09 14:53:36+00:00,2024-11-12 02:02:15+00:00,703.4643402777778,227.2,887.8260869565217,0,232,88,55,2,11,0.3229730165288624,23.0,3574,1094670,0.7504264190966241,0.7263810916355278,0.36149972020145493,358,306.2870733072188,2209.422396162299,372.0,7.549804141018467,335,1188,0.02123514165698454,0.2711681214717511,6,129,0.6179104477611941,7.092537313432836,0.04416170713393093,0.7514297200864366,0.0,0.17902621722846443,207,0,-0.02625501582333042,0.08730650117451955,0.6179104477611941,5.080570251206665,2942.6612903225805,3.546268656716418,232,2016-02-04 23:03:08+00:00,204.2
3.2.0,2021-11-03 11:19:04+00:00,2024-11-12 03:28:42+00:00,1104.6733564814815,137.75,-39.370598591549296,1,130,71,36,2,4,0.12469749468634822,227.2,4661,1348395,0.7528707160765453,0.7546829823969923,0.3559322033898305,465,289.29307015661874,1951.9228306537009,504.0,7.17013516412787,443,1378,0.014075156021776657,0.24629390050367694,7,194,0.5643340857787811,6.221218961625282,0.039399654666803195,0.7826912429110138,0.0,0.6993377483443709,108,0,-0.007159985635207882,0.03126152282457717,0.24379232505643342,4.219346807499594,2675.3869047619046,3.110609480812641,130,2018-01-30 12:33:10+00:00,-89.44999999999999
3.3.0,2022-03-05 08:08:51+00:00,2024-11-12 03:30:10+00:00,982.8064699074074,208.55,51.39745916515427,0,163,109,33,6,5,0.2121984402683552,137.75,4395,1276122,0.752321798883502,0.7488078761572816,0.3572241183162685,440,290.3576791808874,2002.5273813635529,471.0,7.198179749715586,415,1331,0.015493859495954833,0.2436870444266039,7,179,0.5710843373493976,6.414457831325302,0.04616802411920253,0.7762892290423904,0.0,0.8453678474114441,0,28,0.0014187034741781762,-0.00640201386862338,0.0,4.471887532867039,2709.388535031847,3.207228915662651,163,2017-02-24 16:34:32+00:00,70.80000000000001
3.4.0,2021-08-05 07:33:03+00:00,2024-11-12 03:32:01+00:00,1194.8326157407407,144.25,-30.83193478782067,1,139,74,32,5,4,0.12072820753271093,208.55,4838,1386507,0.753785104506628,0.7577377507431249,0.35365853658536583,484,286.5868127325341,1913.424609473319,525.0,7.133526250516742,460,1393,0.013195036468693758,0.23531891522533116,7,208,0.55,6.056521739130435,0.04395999574064871,0.7884141202908954,0.0,0.8111702127659575,45,0,-0.0022988230272610755,0.012124891248505021,0.09782608695652174,4.049102724736606,2640.9657142857145,3.0282608695652176,139,2018-10-11 10:22:39+00:00,-64.30000000000001
3.8.0,2023-12-21 12:48:25+00:00,2024-11-13 22:01:22+00:00,328.38399305555555,440.3,205.23396880415947,0,463,165,83,6,51,1.3408083503190444,144.25,2073,614931,0.7578951765065844,0.6841736613603473,0.397009165460685,208,296.6382054992764,2591.282483145698,250.0,8.153400868306802,226,865,0.034021632251720745,0.31793277299021605,7,78,0.6504424778761062,7.654867256637168,0.06456989149197634,0.7144304056473478,0.0,0.410368519675203,0,234,0.020826595783026987,-0.07398371464354758,0.0,6.3127315698645905,2459.724,3.827433628318584,463,2017-09-08 20:45:51+00:00,296.05
3.7.2,2024-02-16 17:45:22+00:00,2024-11-25 21:03:54+00:00,283.13787037037036,28.25,-93.58392005450828,1,22,16,2,0,1,0.09977471386306043,440.3,1930,574737,0.7584556445150705,0.681253566455913,0.40103626943005183,193,297.79119170984455,2692.6355549271884,227.0,8.392227979274612,203,827,0.040335560649661026,0.3299968543385166,6,66,0.6798029556650246,8.147783251231527,0.1041177617398905,0.6934733531489565,0.0,0.6588235294117647,4,27,0.006313928397940281,-0.020957052498391304,0.019704433497536946,6.8164671771931555,2531.8810572687225,4.073891625615763,22,2024-01-25 13:48:37+00:00,-412.05
3.9.0,2024-05-31 12:24:46+00:00,2024-12-17 23:28:25+00:00,200.46086805555555,237.95,742.3008849557522,0,289,78,52,2,24,1.1870147141837915,28.25,1598,483429,0.7656514726717425,0.6925344825361599,0.3954943679599499,160,302.52127659574467,2958.626414082435,194.0,8.502503128911139,169,744,0.052409129332206254,0.35411879891743153,6,46,0.7337278106508875,8.804733727810651,0.07994969665641578,0.6341222879684418,0.0,0.4230072463768116,10,44,0.012073568682545228,-0.059351065180514695,0.05917159763313609,7.971630650412687,2491.90206185567,4.402366863905326,289,2016-03-07 22:32:04+00:00,209.7
3.0.0,2021-02-11 11:07:13+00:00,2025-01-16 18:46:28+00:00,1435.3189236111111,416.6,75.07879806682077,0,351,146,92,3,25,0.2902490820311059,237.95,6230,1735157,0.7545010769634344,0.7811813058836368,0.36243980738362763,623,278.5163723916533,1904.8208798518453,603.0,7.0292134831460675,531,1748,0.012422271968162597,0.2472909664097181,6,233,0.5630885122410546,6.583804143126177,0.03425761498687296,0.793153973117515,0.0,0.23672456575682382,362,0,-0.03998685736404366,0.15903168514907318,0.6817325800376648,4.340498754329788,2877.5406301824214,3.2919020715630887,351,2016-05-23 03:56:07+00:00,178.65000000000003
3.4.2,2023-06-19 08:40:35+00:00,2025-01-30 17:53:06+00:00,591.3836921296296,22.3,-94.64714354296687,1,24,20,0,0,2,0.037708175414333044,416.6,3660,1072897,0.7525128018771872,0.7364612775579424,0.3849726775956284,364,293.1412568306011,2438.0474865400643,348.0,7.418852459016393,320,1279,0.025058777429467084,0.28245841358538526,6,116,0.640625,7.99375,0.05313406393841038,0.7427726739640343,0.0,0.5443877551020408,4,215,0.012636505461304487,-0.05038129915348066,0.0125,6.188875426747037,3083.037356321839,3.996875,24,2023-02-27 22:19:30+00:00,-394.3
3.5.1,2023-06-13 13:26:02+00:00,2025-01-30 17:53:06+00:00,597.185462962963,13.0,-41.70403587443946,1,13,9,1,0,1,0.021768781737418565,22.3,3679,1076060,0.7526114449815224,0.736476522543295,0.38461538461538464,368,292.4870888828486,2431.827716360668,348.0,7.395216091329165,321,1287,0.02505841121495327,0.2868477212421647,6,117,0.6386292834890965,8.018691588785046,0.05816640440738778,0.7422705366630602,0.0,0.9454131918119788,1,0,-3.6621451381460557e-07,-0.0005021373009741481,0.003115264797507788,6.1605652316894535,3092.1264367816093,4.009345794392523,13,2023-02-14 21:34:59+00:00,-9.3
3.1.0,2021-05-07 01:22:37+00:00,2025-05-13 05:54:43+00:00,1467.1889583333334,125.65,866.5384615384615,0,109,54,33,2,1,0.08563995747537063,13.0,6735,1904749,0.7534777152124115,0.786082959115322,0.3664439495174462,674,282.81351150705274,2049.2639757279762,614.0,7.039049740163326,546,1931,0.012978458850018483,0.25688474066861405,6,233,0.575091575091575,7.073260073260073,0.05219520367023217,0.7932774113509484,0.0,0.5243960208432022,225,0,-0.012079952364934787,0.051006874687888226,0.41208791208791207,4.5904107727546455,3102.197068403909,3.5366300366300365,109,2016-08-18 23:36:31+00:00,112.65
3.9.1,2023-12-26 22:17:50+00:00,2025-06-25 00:02:47+00:00,546.0728819444445,66.5,-47.07520891364902,1,66,46,4,0,3,0.1217786163693173,125.65,3819,1076450,0.75096505172493,0.7507128548410675,0.40298507462686567,382,281.86698088504846,2515.8944341147453,326.0,7.377585755433359,295,1423,0.032814481724893346,0.3596290195152521,6,94,0.6779661016949152,9.647457627118644,0.06401021925172892,0.7237633550507998,0.0,0.460801393728223,11,262,0.019836022874874862,-0.06951405630014862,0.03728813559322034,6.993571968637936,3301.993865030675,4.823728813559322,66,2013-03-14 04:59:25+00:00,-59.150000000000006
3.7.3,2024-12-21 02:16:44+00:00,2025-07-11 08:12:15+00:00,202.24688657407407,4.5,-93.23308270676691,1,6,0,1,0,0,0.022250033492366518,66.5,1470,407171,0.7457568304760622,0.6976057955649793,0.4217687074829932,147,276.987074829932,2437.632212679366,154.0,6.334013605442177,140,640,0.065775950668037,0.40388869099165553,4,39,0.7142857142857143,9.142857142857142,0.0706248265626467,0.6590178571428571,0.0,0.234590065828845,5,160,0.032961468943143654,-0.0647454979079427,0.03571428571428571,7.268344274173062,2643.9675324675327,4.571428571428571,6,2024-12-16 19:31:46+00:00,-62.0
3.8.2,2024-07-18 10:00:48+00:00,2025-07-11 08:12:15+00:00,357.9246180555556,35.0,677.7777777777777,0,32,19,4,0,2,0.0977859533388325,4.5,2735,747483,0.7496994228291329,0.7478441359379866,0.4153564899451554,274,273.30274223034735,2505.4920680529963,229.0,6.542595978062157,205,1022,0.04887613582018173,0.39929984693082904,6,54,0.7365853658536585,9.970731707317073,0.0890772815816092,0.6835950551286334,0.0,0.38154613466334164,65,0,-0.01689981484785527,0.02457719798577629,0.3170731707317073,7.641273782334482,3264.117903930131,4.985365853658537,32,2013-03-14 04:59:25+00:00,30.5
4.0.1,2025-02-10 17:45:24+00:00,2025-09-08 20:40:28+00:00,210.12157407407406,56.0,60.0,0,48,44,1,0,0,0.2665123762125366,35.0,1259,342543,0.7466436296998984,0.6487771703862906,0.39237490071485304,126,272.07545671167594,1984.8929679572727,153.0,6.4416203335980935,141,557,0.05643363728470111,0.334185043749231,6,42,0.6950354609929078,7.900709219858156,0.052632366707320535,0.6695188255217288,0.0,0.2723609991941982,27,91,0.0075575014645193825,-0.014076229606904578,0.19148936170212766,5.99176931520685,2238.843137254902,3.950354609929078,48,2013-03-14 04:59:25+00:00,21.0
3.7.0,2022-10-03 16:40:39+00:00,2025-11-28 10:08:26+00:00,1151.7276273148148,278.25,396.875,0,319,85,54,7,14,0.24159357942009563,56.0,6267,1751001,0.7469488718039459,0.7750073909863833,0.3784905058241583,627,279.4001914791766,2112.586676927473,523.0,6.90856869315462,472,1926,0.017326999892043615,0.2802996984540637,6,182,0.6165254237288136,8.161016949152541,0.0404230638258906,0.7735976908319693,0.0,0.17344045368620037,331,0,-0.039106637392657496,0.10407886531024046,0.701271186440678,5.441390699822962,3347.994263862333,4.080508474576271,319,2020-03-10 15:11:16+00:00,222.25
4.1.0,2024-12-07 17:20:32+00:00,2025-12-18 13:21:24+00:00,375.83393518518517,396.34999999999997,42.44384546271338,0,478,110,117,13,11,1.0545881116475175,278.25,2351,584088,0.7416916576568486,0.7232822974150181,0.4100382815823054,235,248.44236495108464,2024.977033824385,229.0,6.048915355168013,207,853,0.04000750433844567,0.36528555144546154,6,56,0.7294685990338164,8.241545893719806,0.06439550496094822,0.695601202915541,0.0,0.2563291139240506,3,268,0.02268050444640205,-0.07799648791642833,0.014492753623188406,6.255422355199481,2550.602620087336,4.120772946859903,478,2013-03-14 04:59:25+00:00,118.09999999999997
4.0.0,2022-12-08 18:43:49+00:00,2025-12-31 00:01:23+00:00,1118.2205324074075,822.7500000000001,107.5816828560616,0,904,200,194,6,54,0.7357672088427035,396.34999999999997,6196,1795033,0.7552777186535498,0.7719138147305886,0.37992253066494514,618,289.708360232408,2747.8043379444102,509.0,6.9247901872175595,461,1925,0.01815523908327832,0.2859746284909793,6,169,0.6355748373101953,8.351409978308027,0.04633726450170764,0.7674203453812998,0.0,0.2604355716878403,254,0,-0.021852265255167348,0.07181914246575882,0.5509761388286334,5.5409463700873784,3526.58742632613,4.1757049891540134,904,2017-11-10 06:04:39+00:00,426.40000000000015
4.1.1,2025-09-08 20:40:28+00:00,2026-01-09 06:51:20+00:00,122.42421296296297,22.5,-97.26526891522333,1,18,14,2,0,1,0.1837871729410826,822.7500000000001,539,151130,0.8138907551976717,0.5697588126159556,0.39332096474953615,54,280.38961038961037,5386.556049492508,110.0,4.786641929499073,100,184,0.037171717171717175,0.24075061793025176,7,33,0.68,3.68,0.14224780034340473,0.6489673913043479,0.0,0.05029880478087649,2,363,0.019016478088438857,-0.11845295407695189,0.02,4.402723831788601,1373.909090909091,1.84,18,2023-08-05 01:19:01+00:00,-800.2500000000001
3.9.2,2024-09-25 04:21:08+00:00,2026-01-14 10:11:19+00:00,476.2431828703704,42.05,86.88888888888887,0,36,27,7,0,1,0.08829522712862783,22.5,3051,829192,0.7628046384543699,0.7445536982410139,0.41494591937069814,305,271.77712225499835,3450.8221429381906,270.0,6.24745984922976,245,1088,0.036400133824021415,0.35062083947153494,5,70,0.710204081632653,8.881632653061224,0.06025715111169577,0.7091123949579832,0.0,0.08439897698209718,145,0,-0.0007715833476957604,0.06014500365363529,0.5918367346938775,6.406390914850025,3071.0814814814817,4.440816326530612,36,2021-03-11 21:39:15+00:00,19.549999999999997
4.0.2,2025-03-02 20:18:35+00:00,2026-01-14 10:11:19+00:00,317.57828703703706,43.8,4.161712247324614,0,36,28,5,0,0,0.13791874881827765,42.05,1642,442724,0.7736585921544441,0.673480464238607,0.39585870889159563,165,269.6248477466504,3637.520608876076,193.0,5.779537149817296,174,629,0.041791243106770314,0.3034182019175316,5,53,0.6896551724137931,7.2298850574712645,0.07462504383682049,0.6924602086873892,0.0,0.3248456790123457,0,71,0.005391109282748899,-0.01665218627059395,0.0,5.170378665744565,2293.9067357512954,3.6149425287356323,36,2024-12-05 19:45:31+00:00,1.75
4.1.2,2025-11-14 07:28:01+00:00,2026-01-14 10:11:19+00:00,61.11340277777778,30.8,-29.680365296803647,1,25,21,2,0,0,0.5039811007087234,43.8,259,102858,0.8697361455921802,0.47505197505197505,0.40540540540540543,26,397.13513513513516,7709.327704008874,78.0,4.872586872586872,68,91,0.03994732221246708,0.2604350714644832,8,20,0.7058823529411765,2.676470588235294,0.20721985311537552,0.5775694893341952,0.0,0.07784431137724551,0,106,-0.0018439208943032345,-0.11489071935319406,0.0,4.238022892323356,1318.6923076923076,1.338235294117647,25,2025-03-19 12:53:13+00:00,-12.999999999999996
4.2.0,2025-06-10 18:37:36+00:00,2026-01-18 16:25:17+00:00,221.90811342592593,324.70000000000005,954.2207792207794,0,353,111,97,9,29,1.463218243745678,30.8,965,246353,0.7891232701614888,0.6304209844559585,0.40310880829015544,97,255.28808290155442,4035.746673358672,160.0,5.1233160621761655,142,298,0.029767256018379783,0.23558534813200577,6,49,0.6549295774647887,4.197183098591549,0.12962097623520946,0.6774033462520086,0.0,0.12103746397694524,74,0,-0.010180066194087296,0.09983385691781343,0.5211267605633803,4.348646766906619,1539.70625,2.0985915492957745,353,2017-12-08 20:11:06+00:00,293.90000000000003
4.3.0,2025-09-12 14:18:41+00:00,2026-01-26 14:05:06+00:00,135.99056712962962,87.25,-73.12904219279335,1,86,19,34,3,12,0.6415886178107567,324.70000000000005,570,159814,0.8092508418229174,0.5765388046387154,0.38421052631578945,57,280.3754385964912,5104.783461358065,118.0,4.807017543859649,105,191,0.03498168498168498,0.24376100973354978,7,35,0.6666666666666666,3.638095238095238,0.14523987405660393,0.6532036898529046,0.0,0.3109919571045576,0,37,0.0052144289633052,-0.02419965639910404,0.0,4.191467187990044,1354.3559322033898,1.819047619047619,86,2016-12-22 05:52:57+00:00,-237.45000000000005
5.0.0,0,0,0.0,32.0,-63.323782234957015,1,27,1,9,0,6,0.0,87.25,0,0,0.0,0.0,0.0,0,0.0,0.0,0.0,0.0,0,0,0.0,0.0,0,0,0.0,0.0,0.0,0.0,0.0,0.0,0,0,0.0,0.0,0.0,,0.0,0.0,27,2022-01-21 16:03:57+00:00,-55.25
